Record Length,2.50E+03,,-0.0000048,-0.4
Sample Interval,4.00E-08,,-0.00000476,-0.4
Trigger Point,1.20E+02,,-0.00000472,-0.4
,,,-0.00000468,-0.4
,,,-0.00000464,0
,,,-0.0000046,-0.4
Source,CH1,,-0.00000456,-0.4
Vertical Units,V,,-0.00000452,-0.4
Vertical Scale,1.00E+01,,-0.00000448,-0.8
Vertical Offset,0.00E+00,,-0.00000444,-0.8
Horizontal Units,s,,-0.0000044,0
Horizontal Scale,1.00E-05,,-0.00000436,-0.4
Pt Fmt,Y,,-0.00000432,0
Yzero,0.00E+00,,-0.00000428,-0.8
Probe Atten,1.00E+01,,-0.00000424,-0.4
Model Number,TDS2012C,,-0.0000042,-0.8
Serial Number,C031791,,-0.00000416,-0.4
Firmware Version,FV:v24.26,,-0.00000412,0
,,,-0.00000408,-0.8
,,,-0.00000404,-0.8
,,,-0.000004,0
,,,-0.00000396,-0.4
,,,-0.00000392,0
,,,-0.00000388,-0.4
,,,-0.00000384,-0.4
,,,-0.0000038,-0.4
,,,-0.00000376,-0.4
,,,-0.00000372,-0.4
,,,-0.00000368,-0.4
,,,-0.00000364,-0.8
,,,-0.0000036,0
,,,-0.00000356,0
,,,-0.00000352,-0.4
,,,-0.00000348,0
,,,-0.00000344,-0.8
,,,-0.0000034,-0.4
,,,-0.00000336,-0.4
,,,-0.00000332,-0.4
,,,-0.00000328,-0.8
,,,-0.00000324,-0.8
,,,-0.0000032,-0.8
,,,-0.00000316,-0.4
,,,-0.00000312,-0.4
,,,-0.00000308,-0.8
,,,-0.00000304,-0.4
,,,-0.000003,0
,,,-0.00000296,-0.4
,,,-0.00000292,-0.4
,,,-0.00000288,-0.4
,,,-0.00000284,-0.4
,,,-0.0000028,-0.8
,,,-0.00000276,-0.4
,,,-0.00000272,-0.4
,,,-0.00000268,-1.2
,,,-0.00000264,-0.8
,,,-0.0000026,-0.8
,,,-0.00000256,-0.4
,,,-0.00000252,-0.8
,,,-0.00000248,-0.4
,,,-0.00000244,-0.4
,,,-0.0000024,-0.8
,,,-0.00000236,-0.4
,,,-0.00000232,-0.8
,,,-0.00000228,0
,,,-0.00000224,0
,,,-0.0000022,-0.8
,,,-0.00000216,-0.4
,,,-0.00000212,-0.4
,,,-0.00000208,-0.4
,,,-0.00000204,0
,,,-0.000002,-0.8
,,,-0.00000196,0
,,,-0.00000192,-0.8
,,,-0.00000188,-0.4
,,,-0.00000184,-1.2
,,,-0.0000018,-0.8
,,,-0.00000176,-0.4
,,,-0.00000172,-0.4
,,,-0.00000168,-0.4
,,,-0.00000164,-0.8
,,,-0.0000016,-0.8
,,,-0.00000156,-0.4
,,,-0.00000152,0
,,,-0.00000148,-0.8
,,,-0.00000144,0
,,,-0.0000014,-0.4
,,,-0.00000136,-0.8
,,,-0.00000132,-0.4
,,,-0.00000128,-0.8
,,,-0.00000124,0
,,,-0.0000012,-0.4
,,,-0.00000116,-0.8
,,,-0.00000112,-0.4
,,,-0.00000108,-0.4
,,,-0.00000104,-0.4
,,,-0.000001,-0.4
,,,-0.00000096,-0.4
,,,-0.00000092,0.4
,,,-0.00000088,0
,,,-0.00000084,-0.4
,,,-0.0000008,-0.8
,,,-0.00000076,0
,,,-0.00000072,-0.8
,,,-0.00000068,-0.4
,,,-0.00000064,-0.4
,,,-0.0000006,-0.8
,,,-0.00000056,-0.4
,,,-0.00000052,-0.8
,,,-0.00000048,-0.4
,,,-0.00000044,-0.4
,,,-0.0000004,-0.4
,,,-0.00000036,0
,,,-0.00000032,-0.4
,,,-0.00000028,-0.4
,,,-0.00000024,-0.4
,,,-0.0000002,0
,,,-0.00000016,-0.4
,,,-0.00000012,-0.8
,,,-0.00000008,0
,,,-0.00000004,-0.8
,,,0,-0.4
,,,0.00000004,0
,,,0.00000008,-0.8
,,,0.00000012,-0.8
,,,0.00000016,-0.8
,,,0.0000002,-0.8
,,,0.00000024,-0.4
,,,0.00000028,0
,,,0.00000032,-15.6
,,,0.00000036,-34.8
,,,0.0000004,-38
,,,0.00000044,-38.4
,,,0.00000048,-38.8
,,,0.00000052,-39.2
,,,0.00000056,-38.8
,,,0.0000006,-38.8
,,,0.00000064,-38.8
,,,0.00000068,-38.8
,,,0.00000072,-39.2
,,,0.00000076,-38.8
,,,0.0000008,-39.2
,,,0.00000084,-38.8
,,,0.00000088,-38.8
,,,0.00000092,-39.2
,,,0.00000096,-5.2
,,,0.000001,31.2
,,,0.00000104,40
,,,0.00000108,40.4
,,,0.00000112,41.6
,,,0.00000116,41.2
,,,0.0000012,30.4
,,,0.00000124,-6.8
,,,0.00000128,-26
,,,0.00000132,-34.4
,,,0.00000136,-32.4
,,,0.0000014,-12.8
,,,0.00000144,3.6
,,,0.00000148,9.2
,,,0.00000152,10.4
,,,0.00000156,10.4
,,,0.0000016,5.6
,,,0.00000164,0
,,,0.00000168,-2
,,,0.00000172,-2
,,,0.00000176,-3.2
,,,0.0000018,-3.2
,,,0.00000184,-2.8
,,,0.00000188,-2
,,,0.00000192,-2
,,,0.00000196,-2
,,,0.000002,-0.4
,,,0.00000204,0.4
,,,0.00000208,1.6
,,,0.00000212,2
,,,0.00000216,3.6
,,,0.0000022,2.8
,,,0.00000224,3.2
,,,0.00000228,3.2
,,,0.00000232,2.4
,,,0.00000236,2
,,,0.0000024,2
,,,0.00000244,2
,,,0.00000248,1.6
,,,0.00000252,0.8
,,,0.00000256,0.8
,,,0.0000026,0
,,,0.00000264,0
,,,0.00000268,0
,,,0.00000272,-0.4
,,,0.00000276,-0.4
,,,0.0000028,-0.4
,,,0.00000284,0
,,,0.00000288,0.4
,,,0.00000292,1.2
,,,0.00000296,1.6
,,,0.000003,1.2
,,,0.00000304,2
,,,0.00000308,1.6
,,,0.00000312,1.6
,,,0.00000316,1.6
,,,0.0000032,1.6
,,,0.00000324,1.6
,,,0.00000328,1.6
,,,0.00000332,1.2
,,,0.00000336,0.8
,,,0.0000034,0.4
,,,0.00000344,0
,,,0.00000348,0
,,,0.00000352,0
,,,0.00000356,0
,,,0.0000036,0
,,,0.00000364,0
,,,0.00000368,0.4
,,,0.00000372,0.4
,,,0.00000376,0
,,,0.0000038,0.4
,,,0.00000384,0.8
,,,0.00000388,0.4
,,,0.00000392,0.8
,,,0.00000396,0
,,,0.000004,0.8
,,,0.00000404,0.4
,,,0.00000408,0.4
,,,0.00000412,0.4
,,,0.00000416,0.4
,,,0.0000042,0
,,,0.00000424,0.4
,,,0.00000428,0.4
,,,0.00000432,0.4
,,,0.00000436,0.8
,,,0.0000044,0.8
,,,0.00000444,0.8
,,,0.00000448,1.2
,,,0.00000452,1.6
,,,0.00000456,1.6
,,,0.0000046,2
,,,0.00000464,1.2
,,,0.00000468,1.6
,,,0.00000472,1.6
,,,0.00000476,1.2
,,,0.0000048,1.2
,,,0.00000484,1.6
,,,0.00000488,1.2
,,,0.00000492,1.2
,,,0.00000496,1.6
,,,0.000005,0.8
,,,0.00000504,1.2
,,,0.00000508,0.8
,,,0.00000512,0.8
,,,0.00000516,1.2
,,,0.0000052,0.8
,,,0.00000524,0.4
,,,0.00000528,0.8
,,,0.00000532,0.8
,,,0.00000536,1.2
,,,0.0000054,0.8
,,,0.00000544,0.8
,,,0.00000548,1.2
,,,0.00000552,0.8
,,,0.00000556,1.2
,,,0.0000056,1.2
,,,0.00000564,0.8
,,,0.00000568,0.8
,,,0.00000572,0.8
,,,0.00000576,0.8
,,,0.0000058,1.2
,,,0.00000584,1.2
,,,0.00000588,0.8
,,,0.00000592,0.8
,,,0.00000596,0.8
,,,0.000006,0.4
,,,0.00000604,0.4
,,,0.00000608,0.4
,,,0.00000612,0.4
,,,0.00000616,0.8
,,,0.0000062,0.8
,,,0.00000624,1.2
,,,0.00000628,1.2
,,,0.00000632,1.2
,,,0.00000636,0.8
,,,0.0000064,1.2
,,,0.00000644,1.2
,,,0.00000648,1.2
,,,0.00000652,0.8
,,,0.00000656,0.4
,,,0.0000066,1.6
,,,0.00000664,1.2
,,,0.00000668,0.8
,,,0.00000672,1.6
,,,0.00000676,0.8
,,,0.0000068,1.6
,,,0.00000684,0.8
,,,0.00000688,1.2
,,,0.00000692,1.2
,,,0.00000696,1.6
,,,0.000007,1.2
,,,0.00000704,1.2
,,,0.00000708,1.2
,,,0.00000712,1.6
,,,0.00000716,1.2
,,,0.0000072,1.2
,,,0.00000724,1.6
,,,0.00000728,1.6
,,,0.00000732,1.6
,,,0.00000736,1.2
,,,0.0000074,0.8
,,,0.00000744,1.2
,,,0.00000748,1.2
,,,0.00000752,1.6
,,,0.00000756,1.2
,,,0.0000076,1.2
,,,0.00000764,1.2
,,,0.00000768,1.2
,,,0.00000772,1.6
,,,0.00000776,1.6
,,,0.0000078,0.8
,,,0.00000784,0.8
,,,0.00000788,1.2
,,,0.00000792,1.2
,,,0.00000796,1.2
,,,0.000008,1.2
,,,0.00000804,0.8
,,,0.00000808,1.2
,,,0.00000812,0.8
,,,0.00000816,0.4
,,,0.0000082,0.8
,,,0.00000824,1.2
,,,0.00000828,1.6
,,,0.00000832,1.2
,,,0.00000836,1.2
,,,0.0000084,1.2
,,,0.00000844,1.2
,,,0.00000848,1.6
,,,0.00000852,1.6
,,,0.00000856,1.6
,,,0.0000086,0.8
,,,0.00000864,0.8
,,,0.00000868,1.2
,,,0.00000872,1.2
,,,0.00000876,1.2
,,,0.0000088,1.2
,,,0.00000884,1.2
,,,0.00000888,1.2
,,,0.00000892,0.8
,,,0.00000896,0.8
,,,0.000009,0.8
,,,0.00000904,1.2
,,,0.00000908,1.2
,,,0.00000912,0.8
,,,0.00000916,0.8
,,,0.0000092,0.8
,,,0.00000924,1.2
,,,0.00000928,1.2
,,,0.00000932,1.2
,,,0.00000936,0.8
,,,0.0000094,1.2
,,,0.00000944,1.6
,,,0.00000948,1.2
,,,0.00000952,1.2
,,,0.00000956,1.2
,,,0.0000096,1.2
,,,0.00000964,1.6
,,,0.00000968,1.2
,,,0.00000972,0.4
,,,0.00000976,0.8
,,,0.0000098,0.8
,,,0.00000984,0.8
,,,0.00000988,1.2
,,,0.00000992,1.2
,,,0.00000996,0.8
,,,0.00001,0.8
,,,0.00001004,0.8
,,,0.00001008,0.8
,,,0.00001012,0.8
,,,0.00001016,1.2
,,,0.0000102,1.2
,,,0.00001024,0.8
,,,0.00001028,1.2
,,,0.00001032,0.8
,,,0.00001036,1.2
,,,0.0000104,0.8
,,,0.00001044,0.8
,,,0.00001048,0.8
,,,0.00001052,0.4
,,,0.00001056,0.8
,,,0.0000106,0.8
,,,0.00001064,0.8
,,,0.00001068,0.8
,,,0.00001072,0.4
,,,0.00001076,1.2
,,,0.0000108,1.2
,,,0.00001084,1.2
,,,0.00001088,0.8
,,,0.00001092,1.2
,,,0.00001096,1.2
,,,0.000011,0.8
,,,0.00001104,1.2
,,,0.00001108,0.4
,,,0.00001112,0.8
,,,0.00001116,0.4
,,,0.0000112,0.8
,,,0.00001124,0.8
,,,0.00001128,0.4
,,,0.00001132,0.8
,,,0.00001136,0
,,,0.0000114,0.8
,,,0.00001144,1.2
,,,0.00001148,0.8
,,,0.00001152,0.8
,,,0.00001156,1.2
,,,0.0000116,1.2
,,,0.00001164,0.8
,,,0.00001168,1.6
,,,0.00001172,0.8
,,,0.00001176,0.4
,,,0.0000118,1.2
,,,0.00001184,0.8
,,,0.00001188,0.8
,,,0.00001192,1.2
,,,0.00001196,0.8
,,,0.000012,0.4
,,,0.00001204,0.8
,,,0.00001208,0.8
,,,0.00001212,0.8
,,,0.00001216,0.8
,,,0.0000122,0.8
,,,0.00001224,0.8
,,,0.00001228,0.8
,,,0.00001232,0.8
,,,0.00001236,1.2
,,,0.0000124,0.4
,,,0.00001244,1.6
,,,0.00001248,1.2
,,,0.00001252,1.2
,,,0.00001256,0.4
,,,0.0000126,0.4
,,,0.00001264,0.8
,,,0.00001268,0.8
,,,0.00001272,1.2
,,,0.00001276,0.8
,,,0.0000128,1.2
,,,0.00001284,0.8
,,,0.00001288,1.2
,,,0.00001292,1.2
,,,0.00001296,1.2
,,,0.000013,1.2
,,,0.00001304,0.8
,,,0.00001308,0.8
,,,0.00001312,1.2
,,,0.00001316,0.8
,,,0.0000132,0.4
,,,0.00001324,0.4
,,,0.00001328,0.8
,,,0.00001332,0.8
,,,0.00001336,0.8
,,,0.0000134,0.8
,,,0.00001344,0.4
,,,0.00001348,0.8
,,,0.00001352,0.8
,,,0.00001356,0.8
,,,0.0000136,1.2
,,,0.00001364,0.8
,,,0.00001368,0.4
,,,0.00001372,0.8
,,,0.00001376,0.8
,,,0.0000138,0.4
,,,0.00001384,0.4
,,,0.00001388,0.8
,,,0.00001392,0.4
,,,0.00001396,0.4
,,,0.000014,0.4
,,,0.00001404,0.8
,,,0.00001408,0.4
,,,0.00001412,1.2
,,,0.00001416,1.2
,,,0.0000142,0.4
,,,0.00001424,0.8
,,,0.00001428,0.8
,,,0.00001432,0.8
,,,0.00001436,0.4
,,,0.0000144,0.8
,,,0.00001444,0.8
,,,0.00001448,0.4
,,,0.00001452,0.8
,,,0.00001456,0.4
,,,0.0000146,0.8
,,,0.00001464,0
,,,0.00001468,0.4
,,,0.00001472,0.8
,,,0.00001476,0.4
,,,0.0000148,0.8
,,,0.00001484,0.8
,,,0.00001488,0.8
,,,0.00001492,0.8
,,,0.00001496,0.4
,,,0.000015,0.8
,,,0.00001504,0.4
,,,0.00001508,1.2
,,,0.00001512,0
,,,0.00001516,0.8
,,,0.0000152,0.8
,,,0.00001524,0.4
,,,0.00001528,0.8
,,,0.00001532,0
,,,0.00001536,0.8
,,,0.0000154,0.8
,,,0.00001544,0.8
,,,0.00001548,1.2
,,,0.00001552,0.4
,,,0.00001556,0.8
,,,0.0000156,0.4
,,,0.00001564,0.8
,,,0.00001568,0.4
,,,0.00001572,0.4
,,,0.00001576,0.8
,,,0.0000158,0.8
,,,0.00001584,0.8
,,,0.00001588,0.8
,,,0.00001592,0.4
,,,0.00001596,0.4
,,,0.000016,0.8
,,,0.00001604,1.2
,,,0.00001608,0.4
,,,0.00001612,0.4
,,,0.00001616,0.4
,,,0.0000162,1.2
,,,0.00001624,0.8
,,,0.00001628,0.8
,,,0.00001632,0.8
,,,0.00001636,0.4
,,,0.0000164,0.8
,,,0.00001644,1.2
,,,0.00001648,1.2
,,,0.00001652,0.4
,,,0.00001656,0.8
,,,0.0000166,0.4
,,,0.00001664,0.4
,,,0.00001668,0.8
,,,0.00001672,0.8
,,,0.00001676,0.8
,,,0.0000168,0.8
,,,0.00001684,0.8
,,,0.00001688,0
,,,0.00001692,0.4
,,,0.00001696,0.8
,,,0.000017,0.4
,,,0.00001704,0.8
,,,0.00001708,0.4
,,,0.00001712,0.4
,,,0.00001716,0.4
,,,0.0000172,0.4
,,,0.00001724,0.4
,,,0.00001728,0.4
,,,0.00001732,1.2
,,,0.00001736,0.8
,,,0.0000174,0.8
,,,0.00001744,0.4
,,,0.00001748,0.8
,,,0.00001752,0.4
,,,0.00001756,0.8
,,,0.0000176,0.4
,,,0.00001764,0.4
,,,0.00001768,0.4
,,,0.00001772,0.4
,,,0.00001776,0.4
,,,0.0000178,0.8
,,,0.00001784,0.8
,,,0.00001788,0.4
,,,0.00001792,0.4
,,,0.00001796,0.4
,,,0.000018,0.8
,,,0.00001804,0.4
,,,0.00001808,0.8
,,,0.00001812,0.8
,,,0.00001816,0.4
,,,0.0000182,0.8
,,,0.00001824,0.8
,,,0.00001828,0.8
,,,0.00001832,0.4
,,,0.00001836,0.4
,,,0.0000184,0
,,,0.00001844,0.4
,,,0.00001848,0.4
,,,0.00001852,0.8
,,,0.00001856,0.4
,,,0.0000186,0.8
,,,0.00001864,0.4
,,,0.00001868,0.8
,,,0.00001872,0.4
,,,0.00001876,1.2
,,,0.0000188,0.8
,,,0.00001884,0.4
,,,0.00001888,0.4
,,,0.00001892,0.8
,,,0.00001896,1.2
,,,0.000019,0
,,,0.00001904,0.8
,,,0.00001908,0.4
,,,0.00001912,0.8
,,,0.00001916,0.8
,,,0.0000192,0.8
,,,0.00001924,0.4
,,,0.00001928,-0.4
,,,0.00001932,0.4
,,,0.00001936,0.8
,,,0.0000194,0.4
,,,0.00001944,0.4
,,,0.00001948,0.8
,,,0.00001952,0.8
,,,0.00001956,0.4
,,,0.0000196,0.8
,,,0.00001964,0.8
,,,0.00001968,0.4
,,,0.00001972,0.8
,,,0.00001976,0.8
,,,0.0000198,0.4
,,,0.00001984,0.4
,,,0.00001988,0
,,,0.00001992,0
,,,0.00001996,0.4
,,,0.00002,0.4
,,,0.00002004,0.4
,,,0.00002008,0.4
,,,0.00002012,0
,,,0.00002016,0.4
,,,0.0000202,0.4
,,,0.00002024,0.8
,,,0.00002028,0.8
,,,0.00002032,0
,,,0.00002036,0.4
,,,0.0000204,0.8
,,,0.00002044,1.2
,,,0.00002048,0.4
,,,0.00002052,0.4
,,,0.00002056,0.8
,,,0.0000206,0.4
,,,0.00002064,0.4
,,,0.00002068,0.4
,,,0.00002072,0.8
,,,0.00002076,0.8
,,,0.0000208,0.8
,,,0.00002084,0.8
,,,0.00002088,0.4
,,,0.00002092,0.8
,,,0.00002096,0.8
,,,0.000021,0.4
,,,0.00002104,0.8
,,,0.00002108,0.4
,,,0.00002112,0.8
,,,0.00002116,0.8
,,,0.0000212,0.8
,,,0.00002124,0.4
,,,0.00002128,0.8
,,,0.00002132,0.8
,,,0.00002136,0.4
,,,0.0000214,0.8
,,,0.00002144,0.8
,,,0.00002148,0.4
,,,0.00002152,0.8
,,,0.00002156,0.4
,,,0.0000216,0.4
,,,0.00002164,0.4
,,,0.00002168,0
,,,0.00002172,0.4
,,,0.00002176,0
,,,0.0000218,0.4
,,,0.00002184,0
,,,0.00002188,0.4
,,,0.00002192,0.4
,,,0.00002196,0.4
,,,0.000022,0
,,,0.00002204,0.8
,,,0.00002208,0.8
,,,0.00002212,0.4
,,,0.00002216,0.4
,,,0.0000222,0.4
,,,0.00002224,0.8
,,,0.00002228,0.4
,,,0.00002232,0.8
,,,0.00002236,0
,,,0.0000224,-0.4
,,,0.00002244,0.4
,,,0.00002248,0
,,,0.00002252,0.4
,,,0.00002256,0.4
,,,0.0000226,0.4
,,,0.00002264,0.8
,,,0.00002268,0.4
,,,0.00002272,0.8
,,,0.00002276,0.4
,,,0.0000228,0.8
,,,0.00002284,0.8
,,,0.00002288,0.8
,,,0.00002292,0
,,,0.00002296,0.8
,,,0.000023,0.4
,,,0.00002304,0.4
,,,0.00002308,0.4
,,,0.00002312,0.8
,,,0.00002316,0.8
,,,0.0000232,0.4
,,,0.00002324,0.4
,,,0.00002328,0.4
,,,0.00002332,0.4
,,,0.00002336,0.4
,,,0.0000234,0.8
,,,0.00002344,0.8
,,,0.00002348,0.4
,,,0.00002352,0.4
,,,0.00002356,0.8
,,,0.0000236,0.4
,,,0.00002364,0.4
,,,0.00002368,0.4
,,,0.00002372,0.4
,,,0.00002376,0.8
,,,0.0000238,0.4
,,,0.00002384,0.8
,,,0.00002388,0
,,,0.00002392,0.8
,,,0.00002396,0.8
,,,0.000024,0
,,,0.00002404,0.4
,,,0.00002408,0.4
,,,0.00002412,0.4
,,,0.00002416,0
,,,0.0000242,0.8
,,,0.00002424,0.4
,,,0.00002428,-0.4
,,,0.00002432,0.8
,,,0.00002436,0.4
,,,0.0000244,0.8
,,,0.00002444,0.4
,,,0.00002448,0
,,,0.00002452,0.8
,,,0.00002456,0.4
,,,0.0000246,0.4
,,,0.00002464,0
,,,0.00002468,0.8
,,,0.00002472,0.4
,,,0.00002476,0.4
,,,0.0000248,0.4
,,,0.00002484,0.8
,,,0.00002488,0.4
,,,0.00002492,0.4
,,,0.00002496,0
,,,0.000025,0.4
,,,0.00002504,0
,,,0.00002508,0.4
,,,0.00002512,0.4
,,,0.00002516,0.4
,,,0.0000252,0.4
,,,0.00002524,0.4
,,,0.00002528,0.4
,,,0.00002532,0
,,,0.00002536,0.4
,,,0.0000254,0
,,,0.00002544,0
,,,0.00002548,0.8
,,,0.00002552,0
,,,0.00002556,0
,,,0.0000256,0
,,,0.00002564,0.8
,,,0.00002568,0
,,,0.00002572,0.4
,,,0.00002576,0.8
,,,0.0000258,0
,,,0.00002584,0.4
,,,0.00002588,0
,,,0.00002592,0.4
,,,0.00002596,0.4
,,,0.000026,0.4
,,,0.00002604,0.4
,,,0.00002608,0
,,,0.00002612,0
,,,0.00002616,0
,,,0.0000262,0.4
,,,0.00002624,0.8
,,,0.00002628,0.4
,,,0.00002632,0
,,,0.00002636,0
,,,0.0000264,0
,,,0.00002644,0
,,,0.00002648,-0.4
,,,0.00002652,0.4
,,,0.00002656,0.4
,,,0.0000266,0.4
,,,0.00002664,0.4
,,,0.00002668,0
,,,0.00002672,0
,,,0.00002676,0
,,,0.0000268,0.8
,,,0.00002684,0
,,,0.00002688,0.4
,,,0.00002692,0
,,,0.00002696,0.4
,,,0.000027,0.4
,,,0.00002704,0.4
,,,0.00002708,0.8
,,,0.00002712,0.4
,,,0.00002716,0
,,,0.0000272,0
,,,0.00002724,0.8
,,,0.00002728,0.8
,,,0.00002732,0
,,,0.00002736,0.4
,,,0.0000274,0
,,,0.00002744,0.4
,,,0.00002748,0.4
,,,0.00002752,0.4
,,,0.00002756,0.4
,,,0.0000276,0
,,,0.00002764,0.4
,,,0.00002768,0.4
,,,0.00002772,0.4
,,,0.00002776,0.4
,,,0.0000278,0.8
,,,0.00002784,-0.4
,,,0.00002788,0.4
,,,0.00002792,0.4
,,,0.00002796,0
,,,0.000028,0
,,,0.00002804,0
,,,0.00002808,0.4
,,,0.00002812,0.8
,,,0.00002816,0.4
,,,0.0000282,0.4
,,,0.00002824,0
,,,0.00002828,0.8
,,,0.00002832,0.8
,,,0.00002836,0.8
,,,0.0000284,0.4
,,,0.00002844,0.4
,,,0.00002848,0.4
,,,0.00002852,0
,,,0.00002856,0
,,,0.0000286,0
,,,0.00002864,0.4
,,,0.00002868,0.4
,,,0.00002872,0.4
,,,0.00002876,0.4
,,,0.0000288,0.4
,,,0.00002884,0.8
,,,0.00002888,0.4
,,,0.00002892,0
,,,0.00002896,0.4
,,,0.000029,0
,,,0.00002904,0.4
,,,0.00002908,0
,,,0.00002912,0.4
,,,0.00002916,0.4
,,,0.0000292,0
,,,0.00002924,0.4
,,,0.00002928,0
,,,0.00002932,0
,,,0.00002936,0.4
,,,0.0000294,0.4
,,,0.00002944,0.8
,,,0.00002948,0
,,,0.00002952,0.4
,,,0.00002956,0.4
,,,0.0000296,-0.4
,,,0.00002964,0.4
,,,0.00002968,0.4
,,,0.00002972,0.4
,,,0.00002976,-0.4
,,,0.0000298,0
,,,0.00002984,0
,,,0.00002988,0.4
,,,0.00002992,0
,,,0.00002996,0.4
,,,0.00003,0.4
,,,0.00003004,0
,,,0.00003008,0
,,,0.00003012,0.4
,,,0.00003016,0
,,,0.0000302,0
,,,0.00003024,0.4
,,,0.00003028,0
,,,0.00003032,-0.4
,,,0.00003036,0.4
,,,0.0000304,0
,,,0.00003044,0
,,,0.00003048,0.4
,,,0.00003052,0
,,,0.00003056,0
,,,0.0000306,0
,,,0.00003064,0
,,,0.00003068,0
,,,0.00003072,0
,,,0.00003076,0.8
,,,0.0000308,0
,,,0.00003084,0
,,,0.00003088,0
,,,0.00003092,0
,,,0.00003096,0.4
,,,0.000031,0.4
,,,0.00003104,0
,,,0.00003108,0
,,,0.00003112,0
,,,0.00003116,-0.4
,,,0.0000312,0
,,,0.00003124,0.4
,,,0.00003128,0
,,,0.00003132,0.4
,,,0.00003136,0.4
,,,0.0000314,0
,,,0.00003144,0
,,,0.00003148,0.4
,,,0.00003152,0
,,,0.00003156,0
,,,0.0000316,0.4
,,,0.00003164,0.4
,,,0.00003168,0
,,,0.00003172,0.4
,,,0.00003176,0
,,,0.0000318,0
,,,0.00003184,0
,,,0.00003188,0.4
,,,0.00003192,0
,,,0.00003196,0
,,,0.000032,0
,,,0.00003204,0.4
,,,0.00003208,0.4
,,,0.00003212,0
,,,0.00003216,0
,,,0.0000322,0
,,,0.00003224,0.4
,,,0.00003228,0.4
,,,0.00003232,0.8
,,,0.00003236,0
,,,0.0000324,0.4
,,,0.00003244,0.4
,,,0.00003248,0
,,,0.00003252,0
,,,0.00003256,0.4
,,,0.0000326,0
,,,0.00003264,0.4
,,,0.00003268,0.4
,,,0.00003272,0
,,,0.00003276,0.4
,,,0.0000328,0.4
,,,0.00003284,0.4
,,,0.00003288,0
,,,0.00003292,0.4
,,,0.00003296,0
,,,0.000033,0.4
,,,0.00003304,0.8
,,,0.00003308,0.4
,,,0.00003312,0
,,,0.00003316,0.4
,,,0.0000332,0.4
,,,0.00003324,0
,,,0.00003328,0
,,,0.00003332,0.4
,,,0.00003336,0
,,,0.0000334,0
,,,0.00003344,0
,,,0.00003348,0.4
,,,0.00003352,0
,,,0.00003356,0
,,,0.0000336,0.4
,,,0.00003364,0.4
,,,0.00003368,0.4
,,,0.00003372,0
,,,0.00003376,-0.4
,,,0.0000338,-0.4
,,,0.00003384,0
,,,0.00003388,0
,,,0.00003392,0
,,,0.00003396,0
,,,0.000034,0
,,,0.00003404,0
,,,0.00003408,0.4
,,,0.00003412,0.4
,,,0.00003416,0.4
,,,0.0000342,0
,,,0.00003424,0
,,,0.00003428,-0.4
,,,0.00003432,0
,,,0.00003436,0
,,,0.0000344,0
,,,0.00003444,0
,,,0.00003448,0
,,,0.00003452,0.8
,,,0.00003456,0.4
,,,0.0000346,0.4
,,,0.00003464,0
,,,0.00003468,0.4
,,,0.00003472,0.4
,,,0.00003476,0.4
,,,0.0000348,0.4
,,,0.00003484,0
,,,0.00003488,0.4
,,,0.00003492,0
,,,0.00003496,0.4
,,,0.000035,0
,,,0.00003504,0
,,,0.00003508,0.4
,,,0.00003512,0
,,,0.00003516,0
,,,0.0000352,0.4
,,,0.00003524,0.4
,,,0.00003528,0
,,,0.00003532,0
,,,0.00003536,0.4
,,,0.0000354,0
,,,0.00003544,0
,,,0.00003548,0
,,,0.00003552,-0.4
,,,0.00003556,0
,,,0.0000356,0.4
,,,0.00003564,0.4
,,,0.00003568,0.4
,,,0.00003572,0
,,,0.00003576,0
,,,0.0000358,0
,,,0.00003584,0.4
,,,0.00003588,0
,,,0.00003592,0
,,,0.00003596,0
,,,0.000036,0
,,,0.00003604,0
,,,0.00003608,0
,,,0.00003612,0
,,,0.00003616,-0.4
,,,0.0000362,0.4
,,,0.00003624,0
,,,0.00003628,0.4
,,,0.00003632,0
,,,0.00003636,-0.4
,,,0.0000364,-0.4
,,,0.00003644,0
,,,0.00003648,0
,,,0.00003652,0
,,,0.00003656,0.4
,,,0.0000366,0
,,,0.00003664,0.4
,,,0.00003668,-0.4
,,,0.00003672,0
,,,0.00003676,0
,,,0.0000368,0
,,,0.00003684,0
,,,0.00003688,0.4
,,,0.00003692,-0.4
,,,0.00003696,0
,,,0.000037,0
,,,0.00003704,0.4
,,,0.00003708,0
,,,0.00003712,0
,,,0.00003716,0
,,,0.0000372,-0.4
,,,0.00003724,0.4
,,,0.00003728,0.4
,,,0.00003732,-0.4
,,,0.00003736,0.4
,,,0.0000374,0
,,,0.00003744,0
,,,0.00003748,0.4
,,,0.00003752,0
,,,0.00003756,0.8
,,,0.0000376,0
,,,0.00003764,0.4
,,,0.00003768,-0.4
,,,0.00003772,0
,,,0.00003776,0
,,,0.0000378,0
,,,0.00003784,0
,,,0.00003788,0
,,,0.00003792,0
,,,0.00003796,0
,,,0.000038,0
,,,0.00003804,-0.4
,,,0.00003808,0
,,,0.00003812,0
,,,0.00003816,0
,,,0.0000382,0
,,,0.00003824,-0.4
,,,0.00003828,0
,,,0.00003832,0
,,,0.00003836,0
,,,0.0000384,-0.4
,,,0.00003844,0
,,,0.00003848,0
,,,0.00003852,0.4
,,,0.00003856,0.4
,,,0.0000386,0
,,,0.00003864,0.4
,,,0.00003868,0.4
,,,0.00003872,-0.8
,,,0.00003876,-3.2
,,,0.0000388,-6
,,,0.00003884,-9.2
,,,0.00003888,-11.6
,,,0.00003892,-10.8
,,,0.00003896,-5.2
,,,0.000039,4
,,,0.00003904,14.4
,,,0.00003908,25.6
,,,0.00003912,32.8
,,,0.00003916,31.6
,,,0.0000392,22
,,,0.00003924,6
,,,0.00003928,-13.2
,,,0.00003932,-28
,,,0.00003936,-35.6
,,,0.0000394,-34
,,,0.00003944,-24.4
,,,0.00003948,-9.6
,,,0.00003952,6.4
,,,0.00003956,16.4
,,,0.0000396,20.8
,,,0.00003964,18
,,,0.00003968,10.8
,,,0.00003972,2.4
,,,0.00003976,-4
,,,0.0000398,-7.6
,,,0.00003984,-8
,,,0.00003988,-5.6
,,,0.00003992,-2.8
,,,0.00003996,0.4
,,,0.00004,1.6
,,,0.00004004,2
,,,0.00004008,2
,,,0.00004012,1.2
,,,0.00004016,1.2
,,,0.0000402,0.4
,,,0.00004024,0.4
,,,0.00004028,-0.4
,,,0.00004032,0
,,,0.00004036,0
,,,0.0000404,-0.8
,,,0.00004044,-0.4
,,,0.00004048,0
,,,0.00004052,0
,,,0.00004056,0.4
,,,0.0000406,0.4
,,,0.00004064,0
,,,0.00004068,0
,,,0.00004072,0
,,,0.00004076,0
,,,0.0000408,0
,,,0.00004084,0
,,,0.00004088,-0.4
,,,0.00004092,-0.4
,,,0.00004096,-0.4
,,,0.000041,0.4
,,,0.00004104,0
,,,0.00004108,0.4
,,,0.00004112,-0.4
,,,0.00004116,-0.4
,,,0.0000412,0
,,,0.00004124,0.4
,,,0.00004128,0
,,,0.00004132,0.4
,,,0.00004136,0
,,,0.0000414,0
,,,0.00004144,0
,,,0.00004148,0
,,,0.00004152,0
,,,0.00004156,0.4
,,,0.0000416,0
,,,0.00004164,0
,,,0.00004168,0
,,,0.00004172,-0.4
,,,0.00004176,0
,,,0.0000418,-0.4
,,,0.00004184,0.4
,,,0.00004188,-0.4
,,,0.00004192,-0.4
,,,0.00004196,0
,,,0.000042,-0.4
,,,0.00004204,0
,,,0.00004208,0
,,,0.00004212,0.4
,,,0.00004216,0
,,,0.0000422,-0.4
,,,0.00004224,0.4
,,,0.00004228,0
,,,0.00004232,0.4
,,,0.00004236,0
,,,0.0000424,0
,,,0.00004244,0
,,,0.00004248,0
,,,0.00004252,0.4
,,,0.00004256,0
,,,0.0000426,0
,,,0.00004264,0
,,,0.00004268,0.4
,,,0.00004272,0
,,,0.00004276,0
,,,0.0000428,0
,,,0.00004284,-0.4
,,,0.00004288,0
,,,0.00004292,0
,,,0.00004296,-0.4
,,,0.000043,-0.4
,,,0.00004304,-0.4
,,,0.00004308,-0.4
,,,0.00004312,0
,,,0.00004316,0
,,,0.0000432,0
,,,0.00004324,0
,,,0.00004328,0.4
,,,0.00004332,0
,,,0.00004336,0
,,,0.0000434,0
,,,0.00004344,-0.4
,,,0.00004348,0.4
,,,0.00004352,0
,,,0.00004356,0
,,,0.0000436,0
,,,0.00004364,0
,,,0.00004368,0
,,,0.00004372,0.4
,,,0.00004376,0
,,,0.0000438,-0.4
,,,0.00004384,0
,,,0.00004388,-0.4
,,,0.00004392,0
,,,0.00004396,0.4
,,,0.000044,0
,,,0.00004404,0
,,,0.00004408,-0.4
,,,0.00004412,0
,,,0.00004416,0
,,,0.0000442,0.4
,,,0.00004424,-0.4
,,,0.00004428,-0.4
,,,0.00004432,-0.4
,,,0.00004436,-0.8
,,,0.0000444,0.4
,,,0.00004444,0
,,,0.00004448,0
,,,0.00004452,0
,,,0.00004456,0
,,,0.0000446,-0.8
,,,0.00004464,0
,,,0.00004468,0
,,,0.00004472,-0.4
,,,0.00004476,0
,,,0.0000448,0
,,,0.00004484,0
,,,0.00004488,-0.4
,,,0.00004492,-0.4
,,,0.00004496,-0.4
,,,0.000045,-0.4
,,,0.00004504,0
,,,0.00004508,-0.4
,,,0.00004512,-0.4
,,,0.00004516,0
,,,0.0000452,0
,,,0.00004524,0
,,,0.00004528,0.4
,,,0.00004532,0
,,,0.00004536,0
,,,0.0000454,-0.4
,,,0.00004544,0
,,,0.00004548,0
,,,0.00004552,-0.4
,,,0.00004556,0
,,,0.0000456,-0.8
,,,0.00004564,0
,,,0.00004568,0
,,,0.00004572,-0.4
,,,0.00004576,0
,,,0.0000458,0
,,,0.00004584,-0.4
,,,0.00004588,0
,,,0.00004592,0
,,,0.00004596,-0.4
,,,0.000046,-0.4
,,,0.00004604,0
,,,0.00004608,0
,,,0.00004612,0
,,,0.00004616,-0.8
,,,0.0000462,0
,,,0.00004624,-0.4
,,,0.00004628,-0.4
,,,0.00004632,0
,,,0.00004636,0
,,,0.0000464,-0.4
,,,0.00004644,0
,,,0.00004648,0
,,,0.00004652,0
,,,0.00004656,-0.4
,,,0.0000466,0.4
,,,0.00004664,0
,,,0.00004668,0
,,,0.00004672,-0.4
,,,0.00004676,0
,,,0.0000468,-0.4
,,,0.00004684,0.4
,,,0.00004688,0
,,,0.00004692,-0.4
,,,0.00004696,0
,,,0.000047,-0.4
,,,0.00004704,0
,,,0.00004708,-0.4
,,,0.00004712,-0.4
,,,0.00004716,-0.4
,,,0.0000472,-0.4
,,,0.00004724,0
,,,0.00004728,0
,,,0.00004732,-0.4
,,,0.00004736,0
,,,0.0000474,-0.4
,,,0.00004744,0
,,,0.00004748,0
,,,0.00004752,0
,,,0.00004756,0.4
,,,0.0000476,0
,,,0.00004764,-0.4
,,,0.00004768,-0.4
,,,0.00004772,0
,,,0.00004776,-0.4
,,,0.0000478,0
,,,0.00004784,-0.4
,,,0.00004788,-0.4
,,,0.00004792,0
,,,0.00004796,0.4
,,,0.000048,0
,,,0.00004804,-0.4
,,,0.00004808,0
,,,0.00004812,0
,,,0.00004816,0
,,,0.0000482,-0.4
,,,0.00004824,0
,,,0.00004828,0
,,,0.00004832,-0.4
,,,0.00004836,0
,,,0.0000484,0
,,,0.00004844,0
,,,0.00004848,0
,,,0.00004852,0
,,,0.00004856,-0.4
,,,0.0000486,0
,,,0.00004864,0
,,,0.00004868,0
,,,0.00004872,-0.4
,,,0.00004876,0
,,,0.0000488,-0.4
,,,0.00004884,-0.4
,,,0.00004888,-0.4
,,,0.00004892,0
,,,0.00004896,-0.4
,,,0.000049,0
,,,0.00004904,0
,,,0.00004908,-0.4
,,,0.00004912,0
,,,0.00004916,0
,,,0.0000492,0
,,,0.00004924,0
,,,0.00004928,-0.4
,,,0.00004932,-0.4
,,,0.00004936,-0.4
,,,0.0000494,0
,,,0.00004944,0
,,,0.00004948,0
,,,0.00004952,0
,,,0.00004956,-0.4
,,,0.0000496,-0.4
,,,0.00004964,-0.4
,,,0.00004968,-0.4
,,,0.00004972,0
,,,0.00004976,0
,,,0.0000498,0
,,,0.00004984,-0.8
,,,0.00004988,0
,,,0.00004992,-0.4
,,,0.00004996,0
,,,0.00005,-0.4
,,,0.00005004,0
,,,0.00005008,-0.4
,,,0.00005012,-0.4
,,,0.00005016,-0.4
,,,0.0000502,-0.4
,,,0.00005024,-0.4
,,,0.00005028,0
,,,0.00005032,0
,,,0.00005036,0
,,,0.0000504,-0.4
,,,0.00005044,0
,,,0.00005048,-0.4
,,,0.00005052,-0.4
,,,0.00005056,0
,,,0.0000506,-0.4
,,,0.00005064,-0.4
,,,0.00005068,-0.4
,,,0.00005072,-0.4
,,,0.00005076,-0.4
,,,0.0000508,0
,,,0.00005084,-0.4
,,,0.00005088,-0.4
,,,0.00005092,0
,,,0.00005096,-0.4
,,,0.000051,-0.4
,,,0.00005104,-0.4
,,,0.00005108,-0.4
,,,0.00005112,0
,,,0.00005116,0
,,,0.0000512,0
,,,0.00005124,-0.4
,,,0.00005128,0.4
,,,0.00005132,-0.4
,,,0.00005136,-0.4
,,,0.0000514,0
,,,0.00005144,-0.4
,,,0.00005148,0
,,,0.00005152,-0.4
,,,0.00005156,0
,,,0.0000516,0
,,,0.00005164,-0.4
,,,0.00005168,0
,,,0.00005172,0
,,,0.00005176,0
,,,0.0000518,-0.4
,,,0.00005184,0
,,,0.00005188,0
,,,0.00005192,-0.4
,,,0.00005196,0
,,,0.000052,-0.4
,,,0.00005204,0.4
,,,0.00005208,0
,,,0.00005212,0
,,,0.00005216,-0.4
,,,0.0000522,-0.4
,,,0.00005224,0.4
,,,0.00005228,-0.4
,,,0.00005232,-0.4
,,,0.00005236,-0.4
,,,0.0000524,-0.4
,,,0.00005244,-0.4
,,,0.00005248,-0.4
,,,0.00005252,-0.4
,,,0.00005256,0
,,,0.0000526,0
,,,0.00005264,0
,,,0.00005268,-0.8
,,,0.00005272,-0.8
,,,0.00005276,-1.6
,,,0.0000528,-3.6
,,,0.00005284,-6
,,,0.00005288,-7.6
,,,0.00005292,-8
,,,0.00005296,-6.4
,,,0.000053,-2
,,,0.00005304,4.4
,,,0.00005308,13.2
,,,0.00005312,20.4
,,,0.00005316,23.6
,,,0.0000532,22.4
,,,0.00005324,14.8
,,,0.00005328,3.6
,,,0.00005332,-8.8
,,,0.00005336,-19.6
,,,0.0000534,-25.6
,,,0.00005344,-24.8
,,,0.00005348,-19.2
,,,0.00005352,-10
,,,0.00005356,-0.4
,,,0.0000536,8
,,,0.00005364,12
,,,0.00005368,12
,,,0.00005372,9.6
,,,0.00005376,5.6
,,,0.0000538,1.2
,,,0.00005384,-2
,,,0.00005388,-3.6
,,,0.00005392,-3.6
,,,0.00005396,-2.8
,,,0.000054,-1.6
,,,0.00005404,-0.8
,,,0.00005408,-0.8
,,,0.00005412,0
,,,0.00005416,0.4
,,,0.0000542,0.4
,,,0.00005424,0
,,,0.00005428,0
,,,0.00005432,0
,,,0.00005436,-0.4
,,,0.0000544,-0.4
,,,0.00005444,-0.8
,,,0.00005448,-0.4
,,,0.00005452,-0.8
,,,0.00005456,0
,,,0.0000546,-0.4
,,,0.00005464,0
,,,0.00005468,0.4
,,,0.00005472,0
,,,0.00005476,0
,,,0.0000548,0
,,,0.00005484,0
,,,0.00005488,-0.4
,,,0.00005492,-0.8
,,,0.00005496,-0.4
,,,0.000055,-0.4
,,,0.00005504,0
,,,0.00005508,-0.4
,,,0.00005512,-0.4
,,,0.00005516,0
,,,0.0000552,0
,,,0.00005524,0
,,,0.00005528,0
,,,0.00005532,-0.4
,,,0.00005536,0
,,,0.0000554,0
,,,0.00005544,0
,,,0.00005548,0
,,,0.00005552,0
,,,0.00005556,0
,,,0.0000556,-0.4
,,,0.00005564,0
,,,0.00005568,0
,,,0.00005572,-0.4
,,,0.00005576,-0.8
,,,0.0000558,0
,,,0.00005584,0.4
,,,0.00005588,0
,,,0.00005592,-0.4
,,,0.00005596,-0.8
,,,0.000056,-0.4
,,,0.00005604,0
,,,0.00005608,0
,,,0.00005612,-0.4
,,,0.00005616,-0.4
,,,0.0000562,-0.4
,,,0.00005624,0.4
,,,0.00005628,0
,,,0.00005632,-0.4
,,,0.00005636,0
,,,0.0000564,0
,,,0.00005644,-0.4
,,,0.00005648,-0.4
,,,0.00005652,0
,,,0.00005656,0
,,,0.0000566,-0.4
,,,0.00005664,-0.4
,,,0.00005668,-0.4
,,,0.00005672,-0.8
,,,0.00005676,-0.4
,,,0.0000568,0
,,,0.00005684,0
,,,0.00005688,-0.4
,,,0.00005692,-0.4
,,,0.00005696,0
,,,0.000057,-0.4
,,,0.00005704,0
,,,0.00005708,-0.4
,,,0.00005712,0
,,,0.00005716,0.4
,,,0.0000572,-0.4
,,,0.00005724,-0.4
,,,0.00005728,-0.4
,,,0.00005732,0
,,,0.00005736,0
,,,0.0000574,0
,,,0.00005744,0
,,,0.00005748,-0.8
,,,0.00005752,-0.4
,,,0.00005756,-0.4
,,,0.0000576,-0.4
,,,0.00005764,-0.4
,,,0.00005768,0
,,,0.00005772,-0.4
,,,0.00005776,-0.4
,,,0.0000578,-0.4
,,,0.00005784,-0.4
,,,0.00005788,-0.4
,,,0.00005792,-0.4
,,,0.00005796,-0.4
,,,0.000058,-0.4
,,,0.00005804,-0.4
,,,0.00005808,0
,,,0.00005812,-0.4
,,,0.00005816,-0.8
,,,0.0000582,0
,,,0.00005824,0
,,,0.00005828,0
,,,0.00005832,-0.4
,,,0.00005836,-0.4
,,,0.0000584,-0.4
,,,0.00005844,0
,,,0.00005848,0
,,,0.00005852,0
,,,0.00005856,-0.4
,,,0.0000586,-0.4
,,,0.00005864,-0.4
,,,0.00005868,-0.4
,,,0.00005872,0
,,,0.00005876,0
,,,0.0000588,-0.4
,,,0.00005884,-0.4
,,,0.00005888,-0.8
,,,0.00005892,0
,,,0.00005896,-0.4
,,,0.000059,-0.4
,,,0.00005904,0
,,,0.00005908,0
,,,0.00005912,-0.4
,,,0.00005916,0
,,,0.0000592,0
,,,0.00005924,-0.4
,,,0.00005928,-0.8
,,,0.00005932,-0.4
,,,0.00005936,-0.4
,,,0.0000594,0
,,,0.00005944,-0.4
,,,0.00005948,-0.4
,,,0.00005952,-0.4
,,,0.00005956,0
,,,0.0000596,0
,,,0.00005964,0
,,,0.00005968,0.4
,,,0.00005972,0.4
,,,0.00005976,0.8
,,,0.0000598,0.8
,,,0.00005984,0.4
,,,0.00005988,-0.8
,,,0.00005992,-2.4
,,,0.00005996,-4
,,,0.00006,-4
,,,0.00006004,-3.6
,,,0.00006008,-2.8
,,,0.00006012,-0.8
,,,0.00006016,1.2
,,,0.0000602,3.2
,,,0.00006024,4.4
,,,0.00006028,4
,,,0.00006032,2.8
,,,0.00006036,1.2
,,,0.0000604,-1.2
,,,0.00006044,-2
,,,0.00006048,-3.2
,,,0.00006052,-2.8
,,,0.00006056,-1.6
,,,0.0000606,-0.8
,,,0.00006064,0
,,,0.00006068,0.4
,,,0.00006072,0.8
,,,0.00006076,0.4
,,,0.0000608,0.4
,,,0.00006084,-0.4
,,,0.00006088,-0.4
,,,0.00006092,-0.8
,,,0.00006096,-1.2
,,,0.000061,-0.4
,,,0.00006104,-0.8
,,,0.00006108,-0.8
,,,0.00006112,0
,,,0.00006116,-0.4
,,,0.0000612,0
,,,0.00006124,0
,,,0.00006128,-0.4
,,,0.00006132,0
,,,0.00006136,-0.4
,,,0.0000614,0
,,,0.00006144,-0.4
,,,0.00006148,-0.4
,,,0.00006152,0
,,,0.00006156,0
,,,0.0000616,-0.4
,,,0.00006164,0
,,,0.00006168,-0.4
,,,0.00006172,-0.8
,,,0.00006176,-0.4
,,,0.0000618,-0.4
,,,0.00006184,-0.4
,,,0.00006188,-0.4
,,,0.00006192,0
,,,0.00006196,-0.4
,,,0.000062,0
,,,0.00006204,0
,,,0.00006208,0
,,,0.00006212,-0.4
,,,0.00006216,-0.4
,,,0.0000622,-0.4
,,,0.00006224,0
,,,0.00006228,-0.4
,,,0.00006232,0
,,,0.00006236,-0.4
,,,0.0000624,-0.4
,,,0.00006244,0
,,,0.00006248,-0.8
,,,0.00006252,-0.8
,,,0.00006256,-0.4
,,,0.0000626,0
,,,0.00006264,-0.4
,,,0.00006268,-0.4
,,,0.00006272,0
,,,0.00006276,-0.4
,,,0.0000628,-0.4
,,,0.00006284,-0.8
,,,0.00006288,-0.4
,,,0.00006292,-0.4
,,,0.00006296,0
,,,0.000063,-0.4
,,,0.00006304,0
,,,0.00006308,-0.4
,,,0.00006312,-0.4
,,,0.00006316,0
,,,0.0000632,-0.4
,,,0.00006324,-0.8
,,,0.00006328,-0.4
,,,0.00006332,-0.4
,,,0.00006336,-0.4
,,,0.0000634,0
,,,0.00006344,0.4
,,,0.00006348,0
,,,0.00006352,0
,,,0.00006356,-0.4
,,,0.0000636,0
,,,0.00006364,0
,,,0.00006368,0
,,,0.00006372,-0.4
,,,0.00006376,-0.4
,,,0.0000638,-0.4
,,,0.00006384,-0.4
,,,0.00006388,-0.8
,,,0.00006392,-0.4
,,,0.00006396,-0.4
,,,0.000064,0
,,,0.00006404,0
,,,0.00006408,-0.4
,,,0.00006412,0
,,,0.00006416,-0.4
,,,0.0000642,0
,,,0.00006424,0
,,,0.00006428,-0.4
,,,0.00006432,0
,,,0.00006436,-0.4
,,,0.0000644,-0.8
,,,0.00006444,-0.4
,,,0.00006448,-0.4
,,,0.00006452,-0.4
,,,0.00006456,-0.8
,,,0.0000646,-0.4
,,,0.00006464,-0.4
,,,0.00006468,0
,,,0.00006472,-0.4
,,,0.00006476,0
,,,0.0000648,-0.4
,,,0.00006484,-0.4
,,,0.00006488,0
,,,0.00006492,-0.8
,,,0.00006496,-0.8
,,,0.000065,-0.4
,,,0.00006504,-0.4
,,,0.00006508,0
,,,0.00006512,-0.4
,,,0.00006516,-0.4
,,,0.0000652,-0.4
,,,0.00006524,-0.4
,,,0.00006528,0
,,,0.00006532,-0.4
,,,0.00006536,-0.4
,,,0.0000654,-0.4
,,,0.00006544,-0.4
,,,0.00006548,-0.8
,,,0.00006552,-0.4
,,,0.00006556,0
,,,0.0000656,0
,,,0.00006564,-0.4
,,,0.00006568,-0.4
,,,0.00006572,-0.4
,,,0.00006576,-0.4
,,,0.0000658,-0.8
,,,0.00006584,-0.4
,,,0.00006588,-0.4
,,,0.00006592,-0.8
,,,0.00006596,-0.8
,,,0.000066,-0.4
,,,0.00006604,-0.8
,,,0.00006608,-0.4
,,,0.00006612,0
,,,0.00006616,0
,,,0.0000662,0
,,,0.00006624,0
,,,0.00006628,-0.4
,,,0.00006632,-0.8
,,,0.00006636,-0.4
,,,0.0000664,0
,,,0.00006644,0
,,,0.00006648,-0.4
,,,0.00006652,-0.4
,,,0.00006656,0.4
,,,0.0000666,-0.4
,,,0.00006664,0.8
,,,0.00006668,0.4
,,,0.00006672,0
,,,0.00006676,-0.8
,,,0.0000668,-1.6
,,,0.00006684,-1.6
,,,0.00006688,-2
,,,0.00006692,-1.6
,,,0.00006696,-0.8
,,,0.000067,0.4
,,,0.00006704,0.8
,,,0.00006708,1.2
,,,0.00006712,0.8
,,,0.00006716,-0.4
,,,0.0000672,-2
,,,0.00006724,-2.4
,,,0.00006728,-2.8
,,,0.00006732,-2.4
,,,0.00006736,-1.2
,,,0.0000674,0.4
,,,0.00006744,1.2
,,,0.00006748,2
,,,0.00006752,1.6
,,,0.00006756,0.8
,,,0.0000676,0.4
,,,0.00006764,-0.8
,,,0.00006768,-1.2
,,,0.00006772,-1.2
,,,0.00006776,-1.2
,,,0.0000678,-1.2
,,,0.00006784,-0.8
,,,0.00006788,-0.8
,,,0.00006792,0
,,,0.00006796,0
,,,0.000068,-0.4
,,,0.00006804,-0.4
,,,0.00006808,-0.4
,,,0.00006812,-0.4
,,,0.00006816,-0.4
,,,0.0000682,-0.4
,,,0.00006824,0
,,,0.00006828,-0.4
,,,0.00006832,-0.4
,,,0.00006836,-0.4
,,,0.0000684,-0.4
,,,0.00006844,0
,,,0.00006848,-0.8
,,,0.00006852,-0.8
,,,0.00006856,-0.8
,,,0.0000686,-0.4
,,,0.00006864,-0.8
,,,0.00006868,-0.4
,,,0.00006872,-0.4
,,,0.00006876,-0.8
,,,0.0000688,0
,,,0.00006884,0
,,,0.00006888,0
,,,0.00006892,0
,,,0.00006896,-0.4
,,,0.000069,0
,,,0.00006904,-0.4
,,,0.00006908,-0.8
,,,0.00006912,-0.4
,,,0.00006916,-0.8
,,,0.0000692,-0.4
,,,0.00006924,-0.4
,,,0.00006928,-0.4
,,,0.00006932,-0.4
,,,0.00006936,-0.4
,,,0.0000694,-0.4
,,,0.00006944,-0.8
,,,0.00006948,-0.4
,,,0.00006952,-0.8
,,,0.00006956,-0.4
,,,0.0000696,0
,,,0.00006964,-0.8
,,,0.00006968,-0.8
,,,0.00006972,-0.8
,,,0.00006976,-0.4
,,,0.0000698,-0.4
,,,0.00006984,0
,,,0.00006988,-0.4
,,,0.00006992,-0.4
,,,0.00006996,0
,,,0.00007,-0.4
,,,0.00007004,-0.8
,,,0.00007008,-0.4
,,,0.00007012,-0.4
,,,0.00007016,-0.8
,,,0.0000702,-0.4
,,,0.00007024,-0.4
,,,0.00007028,0
,,,0.00007032,0
,,,0.00007036,0.4
,,,0.0000704,0
,,,0.00007044,0
,,,0.00007048,-0.4
,,,0.00007052,-0.4
,,,0.00007056,-0.8
,,,0.0000706,-0.4
,,,0.00007064,-0.4
,,,0.00007068,-0.4
,,,0.00007072,-0.4
,,,0.00007076,-0.4
,,,0.0000708,-0.4
,,,0.00007084,0
,,,0.00007088,0
,,,0.00007092,0
,,,0.00007096,-0.4
,,,0.000071,-0.4
,,,0.00007104,0
,,,0.00007108,0
,,,0.00007112,-0.4
,,,0.00007116,-0.4
,,,0.0000712,-0.4
,,,0.00007124,-0.8
,,,0.00007128,0
,,,0.00007132,-0.8
,,,0.00007136,-0.4
,,,0.0000714,-0.8
,,,0.00007144,-0.8
,,,0.00007148,-0.4
,,,0.00007152,-0.4
,,,0.00007156,-0.4
,,,0.0000716,-0.8
,,,0.00007164,0
,,,0.00007168,0
,,,0.00007172,-0.4
,,,0.00007176,-0.8
,,,0.0000718,-0.8
,,,0.00007184,-0.4
,,,0.00007188,-0.4
,,,0.00007192,0
,,,0.00007196,-0.4
,,,0.000072,-0.4
,,,0.00007204,-0.8
,,,0.00007208,-0.8
,,,0.00007212,-0.4
,,,0.00007216,-0.4
,,,0.0000722,0
,,,0.00007224,-0.4
,,,0.00007228,-0.4
,,,0.00007232,-0.8
,,,0.00007236,-0.4
,,,0.0000724,0
,,,0.00007244,-0.4
,,,0.00007248,0.4
,,,0.00007252,-0.4
,,,0.00007256,-0.8
,,,0.0000726,-0.8
,,,0.00007264,-0.4
,,,0.00007268,-0.4
,,,0.00007272,-0.8
,,,0.00007276,-0.4
,,,0.0000728,-0.8
,,,0.00007284,-0.8
,,,0.00007288,-0.4
,,,0.00007292,0
,,,0.00007296,-0.4
,,,0.000073,-0.4
,,,0.00007304,-0.4
,,,0.00007308,0.4
,,,0.00007312,0
,,,0.00007316,-0.4
,,,0.0000732,-0.8
,,,0.00007324,-0.8
,,,0.00007328,-0.4
,,,0.00007332,-0.8
,,,0.00007336,-0.4
,,,0.0000734,-0.4
,,,0.00007344,0
,,,0.00007348,-0.4
,,,0.00007352,0.4
,,,0.00007356,0.4
,,,0.0000736,-0.4
,,,0.00007364,-0.8
,,,0.00007368,-1.6
,,,0.00007372,-2
,,,0.00007376,-2
,,,0.0000738,-2
,,,0.00007384,-0.8
,,,0.00007388,0
,,,0.00007392,0.4
,,,0.00007396,1.6
,,,0.000074,2.4
,,,0.00007404,1.2
,,,0.00007408,0.4
,,,0.00007412,0.4
,,,0.00007416,-0.8
,,,0.0000742,-1.6
,,,0.00007424,-2
,,,0.00007428,-2
,,,0.00007432,-1.2
,,,0.00007436,-0.8
,,,0.0000744,-0.4
,,,0.00007444,0.4
,,,0.00007448,0.4
,,,0.00007452,0
,,,0.00007456,0
,,,0.0000746,0
,,,0.00007464,-0.8
,,,0.00007468,-0.4
,,,0.00007472,-1.2
,,,0.00007476,-0.8
,,,0.0000748,-0.4
,,,0.00007484,-0.8
,,,0.00007488,-0.4
,,,0.00007492,-0.4
,,,0.00007496,-0.8
,,,0.000075,-0.4
,,,0.00007504,-0.4
,,,0.00007508,-0.8
,,,0.00007512,-0.8
,,,0.00007516,-0.4
,,,0.0000752,-0.4
,,,0.00007524,0
,,,0.00007528,0
,,,0.00007532,-0.4
,,,0.00007536,-0.8
,,,0.0000754,-1.2
,,,0.00007544,-0.8
,,,0.00007548,-0.8
,,,0.00007552,-0.4
,,,0.00007556,-0.8
,,,0.0000756,-0.4
,,,0.00007564,0
,,,0.00007568,0
,,,0.00007572,0
,,,0.00007576,0
,,,0.0000758,0
,,,0.00007584,0
,,,0.00007588,0
,,,0.00007592,-0.8
,,,0.00007596,-0.4
,,,0.000076,-1.2
,,,0.00007604,-0.8
,,,0.00007608,-0.8
,,,0.00007612,-0.8
,,,0.00007616,0
,,,0.0000762,-0.4
,,,0.00007624,-0.4
,,,0.00007628,-0.4
,,,0.00007632,-0.4
,,,0.00007636,-0.4
,,,0.0000764,-0.4
,,,0.00007644,0
,,,0.00007648,-0.4
,,,0.00007652,-0.8
,,,0.00007656,-0.4
,,,0.0000766,-0.4
,,,0.00007664,-0.4
,,,0.00007668,-0.4
,,,0.00007672,0
,,,0.00007676,0
,,,0.0000768,-0.4
,,,0.00007684,-0.4
,,,0.00007688,-0.4
,,,0.00007692,-0.8
,,,0.00007696,-0.8
,,,0.000077,-1.2
,,,0.00007704,-1.6
,,,0.00007708,-1.6
,,,0.00007712,-0.8
,,,0.00007716,0
,,,0.0000772,0.4
,,,0.00007724,0.4
,,,0.00007728,0.4
,,,0.00007732,0.8
,,,0.00007736,0.4
,,,0.0000774,0.8
,,,0.00007744,0.8
,,,0.00007748,1.2
,,,0.00007752,0.8
,,,0.00007756,-0.4
,,,0.0000776,-0.4
,,,0.00007764,-1.2
,,,0.00007768,-1.6
,,,0.00007772,-2.4
,,,0.00007776,-2.4
,,,0.0000778,-2.4
,,,0.00007784,-2
,,,0.00007788,-1.6
,,,0.00007792,-0.8
,,,0.00007796,-0.4
,,,0.000078,0
,,,0.00007804,0.4
,,,0.00007808,1.6
,,,0.00007812,1.2
,,,0.00007816,1.6
,,,0.0000782,1.2
,,,0.00007824,0.4
,,,0.00007828,0
,,,0.00007832,-1.2
,,,0.00007836,-1.6
,,,0.0000784,-1.6
,,,0.00007844,-0.8
,,,0.00007848,-0.8
,,,0.00007852,0
,,,0.00007856,0
,,,0.0000786,0
,,,0.00007864,0
,,,0.00007868,-1.2
,,,0.00007872,0
,,,0.00007876,0
,,,0.0000788,0
,,,0.00007884,-0.8
,,,0.00007888,-0.4
,,,0.00007892,-0.8
,,,0.00007896,-0.4
,,,0.000079,-0.8
,,,0.00007904,-0.4
,,,0.00007908,-0.8
,,,0.00007912,-0.4
,,,0.00007916,-0.4
,,,0.0000792,-0.4
,,,0.00007924,-0.4
,,,0.00007928,0
,,,0.00007932,-0.4
,,,0.00007936,-0.4
,,,0.0000794,-0.4
,,,0.00007944,-0.4
,,,0.00007948,-0.8
,,,0.00007952,-0.8
,,,0.00007956,-0.4
,,,0.0000796,-0.4
,,,0.00007964,-0.4
,,,0.00007968,-0.4
,,,0.00007972,-0.4
,,,0.00007976,0
,,,0.0000798,0
,,,0.00007984,0
,,,0.00007988,-0.8
,,,0.00007992,-0.8
,,,0.00007996,-0.4
,,,0.00008,-1.2
,,,0.00008004,-0.4
,,,0.00008008,-0.4
,,,0.00008012,-0.8
,,,0.00008016,-0.4
,,,0.0000802,-0.4
,,,0.00008024,-0.8
,,,0.00008028,-0.4
,,,0.00008032,0
,,,0.00008036,-0.4
,,,0.0000804,-0.4
,,,0.00008044,0
,,,0.00008048,-0.8
,,,0.00008052,-0.8
,,,0.00008056,-1.2
,,,0.0000806,-1.2
,,,0.00008064,-0.8
,,,0.00008068,-1.2
,,,0.00008072,-0.8
,,,0.00008076,0
,,,0.0000808,0
,,,0.00008084,1.2
,,,0.00008088,0.8
,,,0.00008092,0.8
,,,0.00008096,0
,,,0.000081,-0.4
,,,0.00008104,-1.2
,,,0.00008108,-1.2
,,,0.00008112,-1.2
,,,0.00008116,-0.8
,,,0.0000812,-0.8
,,,0.00008124,-0.4
,,,0.00008128,0
,,,0.00008132,-0.4
,,,0.00008136,0.4
,,,0.0000814,-0.4
,,,0.00008144,0
,,,0.00008148,-0.8
,,,0.00008152,-0.8
,,,0.00008156,-0.8
,,,0.0000816,-1.2
,,,0.00008164,-0.4
,,,0.00008168,-0.8
,,,0.00008172,-0.4
,,,0.00008176,-0.4
,,,0.0000818,-0.8
,,,0.00008184,-0.4
,,,0.00008188,-0.8
,,,0.00008192,-0.8
,,,0.00008196,-0.4
,,,0.000082,-0.4
,,,0.00008204,-0.8
,,,0.00008208,-0.4
,,,0.00008212,-0.4
,,,0.00008216,-0.4
,,,0.0000822,-0.8
,,,0.00008224,-0.4
,,,0.00008228,-0.8
,,,0.00008232,-0.8
,,,0.00008236,-0.8
,,,0.0000824,-0.8
,,,0.00008244,-0.8
,,,0.00008248,-0.4
,,,0.00008252,-0.4
,,,0.00008256,0
,,,0.0000826,0
,,,0.00008264,-0.8
,,,0.00008268,0
,,,0.00008272,0
,,,0.00008276,-0.4
,,,0.0000828,-0.4
,,,0.00008284,-0.8
,,,0.00008288,-0.4
,,,0.00008292,-0.8
,,,0.00008296,-0.4
,,,0.000083,-0.4
,,,0.00008304,-0.8
,,,0.00008308,-0.4
,,,0.00008312,-0.8
,,,0.00008316,-0.4
,,,0.0000832,0
,,,0.00008324,0
,,,0.00008328,0
,,,0.00008332,-0.4
,,,0.00008336,-0.4
,,,0.0000834,-0.4
,,,0.00008344,-0.4
,,,0.00008348,-0.8
,,,0.00008352,0
,,,0.00008356,-0.4
,,,0.0000836,0
,,,0.00008364,-0.4
,,,0.00008368,-0.4
,,,0.00008372,0
,,,0.00008376,-0.4
,,,0.0000838,0
,,,0.00008384,-0.4
,,,0.00008388,-1.2
,,,0.00008392,-0.8
,,,0.00008396,-1.2
,,,0.000084,-0.4
,,,0.00008404,-0.8
,,,0.00008408,-0.4
,,,0.00008412,0
,,,0.00008416,0
,,,0.0000842,-0.4
,,,0.00008424,-0.4
,,,0.00008428,-0.8
,,,0.00008432,-0.8
,,,0.00008436,-0.8
,,,0.0000844,-0.8
,,,0.00008444,-0.8
,,,0.00008448,-0.8
,,,0.00008452,-0.8
,,,0.00008456,-0.4
,,,0.0000846,0
,,,0.00008464,0
,,,0.00008468,-0.4
,,,0.00008472,-0.8
,,,0.00008476,-0.4
,,,0.0000848,-0.4
,,,0.00008484,-0.8
,,,0.00008488,-0.8
,,,0.00008492,-0.8
,,,0.00008496,-0.8
,,,0.000085,-0.4
,,,0.00008504,-0.8
,,,0.00008508,-0.4
,,,0.00008512,-0.4
,,,0.00008516,-0.8
,,,0.0000852,-0.8
,,,0.00008524,-0.4
,,,0.00008528,-1.2
,,,0.00008532,-0.8
,,,0.00008536,-0.8
,,,0.0000854,-0.8
,,,0.00008544,-0.8
,,,0.00008548,-0.8
,,,0.00008552,-0.8
,,,0.00008556,-0.8
,,,0.0000856,-0.4
,,,0.00008564,-0.8
,,,0.00008568,-0.4
,,,0.00008572,-0.4
,,,0.00008576,-0.8
,,,0.0000858,0
,,,0.00008584,-0.4
,,,0.00008588,-0.4
,,,0.00008592,-0.4
,,,0.00008596,-0.4
,,,0.000086,-0.4
,,,0.00008604,-0.4
,,,0.00008608,0
,,,0.00008612,-0.4
,,,0.00008616,0
,,,0.0000862,0.4
,,,0.00008624,-0.4
,,,0.00008628,-0.4
,,,0.00008632,-0.4
,,,0.00008636,-0.8
,,,0.0000864,-0.8
,,,0.00008644,0
,,,0.00008648,-0.4
,,,0.00008652,-0.4
,,,0.00008656,-0.4
,,,0.0000866,-1.2
,,,0.00008664,-0.4
,,,0.00008668,-0.4
,,,0.00008672,0
,,,0.00008676,-0.4
,,,0.0000868,-0.4
,,,0.00008684,-0.4
,,,0.00008688,-0.8
,,,0.00008692,0
,,,0.00008696,-0.4
,,,0.000087,-1.2
,,,0.00008704,-0.8
,,,0.00008708,-0.8
,,,0.00008712,-0.4
,,,0.00008716,-0.4
,,,0.0000872,0
,,,0.00008724,-0.4
,,,0.00008728,-0.4
,,,0.00008732,-0.4
,,,0.00008736,0
,,,0.0000874,-0.4
,,,0.00008744,-0.8
,,,0.00008748,-0.8
,,,0.00008752,-0.8
,,,0.00008756,-0.8
,,,0.0000876,-0.4
,,,0.00008764,-0.4
,,,0.00008768,0
,,,0.00008772,0.8
,,,0.00008776,0.8
,,,0.0000878,0.4
,,,0.00008784,-0.4
,,,0.00008788,-0.4
,,,0.00008792,-1.2
,,,0.00008796,-1.2
,,,0.000088,-1.2
,,,0.00008804,-0.8
,,,0.00008808,-0.4
,,,0.00008812,-0.8
,,,0.00008816,-0.8
,,,0.0000882,-0.4
,,,0.00008824,-0.4
,,,0.00008828,-0.4
,,,0.00008832,-0.8
,,,0.00008836,-0.4
,,,0.0000884,-0.8
,,,0.00008844,-0.4
,,,0.00008848,-0.4
,,,0.00008852,-0.4
,,,0.00008856,-0.8
,,,0.0000886,0
,,,0.00008864,-0.8
,,,0.00008868,-0.8
,,,0.00008872,-0.4
,,,0.00008876,-0.4
,,,0.0000888,-0.4
,,,0.00008884,0
,,,0.00008888,-0.4
,,,0.00008892,-0.8
,,,0.00008896,-0.8
,,,0.000089,-0.4
,,,0.00008904,-0.4
,,,0.00008908,-0.8
,,,0.00008912,-0.4
,,,0.00008916,-1.2
,,,0.0000892,-0.8
,,,0.00008924,-1.2
,,,0.00008928,-0.8
,,,0.00008932,-0.8
,,,0.00008936,-0.4
,,,0.0000894,-0.4
,,,0.00008944,0
,,,0.00008948,-0.4
,,,0.00008952,-0.4
,,,0.00008956,0
,,,0.0000896,0
,,,0.00008964,-0.4
,,,0.00008968,-0.8
,,,0.00008972,-1.2
,,,0.00008976,-0.8
,,,0.0000898,-0.8
,,,0.00008984,-0.4
,,,0.00008988,-0.4
,,,0.00008992,-0.8
,,,0.00008996,-0.4
,,,0.00009,-0.4
,,,0.00009004,-0.4
,,,0.00009008,0
,,,0.00009012,0
,,,0.00009016,-0.4
,,,0.0000902,-0.4
,,,0.00009024,0
,,,0.00009028,-1.2
,,,0.00009032,-0.4
,,,0.00009036,-0.8
,,,0.0000904,0
,,,0.00009044,-0.4
,,,0.00009048,-0.4
,,,0.00009052,-0.4
,,,0.00009056,-0.4
,,,0.0000906,-0.4
,,,0.00009064,-0.4
,,,0.00009068,0
,,,0.00009072,-0.4
,,,0.00009076,-0.4
,,,0.0000908,-0.4
,,,0.00009084,-1.2
,,,0.00009088,-0.4
,,,0.00009092,-0.8
,,,0.00009096,-1.2
,,,0.000091,-1.2
,,,0.00009104,-1.2
,,,0.00009108,-1.6
,,,0.00009112,-1.2
,,,0.00009116,-1.2
,,,0.0000912,-0.8
,,,0.00009124,-0.4
,,,0.00009128,0.4
,,,0.00009132,1.6
,,,0.00009136,1.2
,,,0.0000914,2
,,,0.00009144,2.8
,,,0.00009148,2.4
,,,0.00009152,2
,,,0.00009156,1.2
,,,0.0000916,-0.4
,,,0.00009164,-1.6
,,,0.00009168,-2
,,,0.00009172,-3.6
,,,0.00009176,-4
,,,0.0000918,-4.4
,,,0.00009184,-4
,,,0.00009188,-2.8
,,,0.00009192,-2
,,,0.00009196,-1.2
,,,0.000092,-0.4
,,,0.00009204,0.4
,,,0.00009208,1.2
,,,0.00009212,1.6
,,,0.00009216,2
,,,0.0000922,1.2
,,,0.00009224,0.8
,,,0.00009228,0
,,,0.00009232,-0.8
,,,0.00009236,-0.8
,,,0.0000924,-1.6
,,,0.00009244,-1.6
,,,0.00009248,-1.2
,,,0.00009252,-0.8
,,,0.00009256,0
,,,0.0000926,0
,,,0.00009264,0
,,,0.00009268,-0.4
,,,0.00009272,-0.4
,,,0.00009276,-0.4
,,,0.0000928,0.4
,,,0.00009284,-0.8
,,,0.00009288,-0.4
,,,0.00009292,-0.4
,,,0.00009296,-0.4
,,,0.000093,-0.4
,,,0.00009304,-0.8
,,,0.00009308,-0.4
,,,0.00009312,-0.8
,,,0.00009316,-0.8
,,,0.0000932,-0.8
,,,0.00009324,-0.8
,,,0.00009328,-0.4
,,,0.00009332,0
,,,0.00009336,-0.4
,,,0.0000934,-0.8
,,,0.00009344,-0.4
,,,0.00009348,-0.4
,,,0.00009352,-0.4
,,,0.00009356,0
,,,0.0000936,0
,,,0.00009364,-0.4
,,,0.00009368,-0.4
,,,0.00009372,-0.4
,,,0.00009376,-0.4
,,,0.0000938,-0.4
,,,0.00009384,-0.4
,,,0.00009388,-0.4
,,,0.00009392,-0.4
,,,0.00009396,-0.4
,,,0.000094,-0.4
,,,0.00009404,-0.4
,,,0.00009408,-0.8
,,,0.00009412,0
,,,0.00009416,-0.4
,,,0.0000942,-0.4
,,,0.00009424,-0.8
,,,0.00009428,-0.8
,,,0.00009432,-1.2
,,,0.00009436,-1.2
,,,0.0000944,-0.8
,,,0.00009444,-0.8
,,,0.00009448,-0.4
,,,0.00009452,-0.8
,,,0.00009456,0
,,,0.0000946,0.4
,,,0.00009464,0.4
,,,0.00009468,0
,,,0.00009472,-0.4
,,,0.00009476,-0.8
,,,0.0000948,-1.2
,,,0.00009484,-0.8
,,,0.00009488,-0.8
,,,0.00009492,-1.2
,,,0.00009496,0
,,,0.000095,-0.4
,,,0.00009504,-0.4
,,,0.00009508,-0.4
,,,0.00009512,-0.4
,,,0.00009516,-0.4
