Record Length,2.500000e+03,,   0.000028100000,  -0.20000,
Sample Interval,1.000000e-08,,   0.000028110000,  -0.40000,
Trigger Point,-2.810000000000e+03,,   0.000028120000,  -0.40000,
,,,   0.000028130000,  -0.20000,
,,,   0.000028140000,  -0.40000,
,,,   0.000028150000,  -0.20000,
Source,CH1,,   0.000028160000,   0.00000,
Vertical Units,V,,   0.000028170000,   0.00000,
Vertical Scale,5.000000e+00,,   0.000028180000,  -0.40000,
Vertical Offset,0.000000e+00,,   0.000028190000,  -0.40000,
Horizontal Units,s,,   0.000028200000,  -0.20000,
Horizontal Scale,2.500000e-06,,   0.000028210000,  -0.40000,
Pt Fmt,Y,,   0.000028220000,  -0.20000,
Yzero,0.000000e+00,,   0.000028230000,  -0.20000,
Probe Atten,1.000000e+01,,   0.000028240000,  -0.40000,
Model Number,TDS2012C,,   0.000028250000,  -0.20000,
Serial Number,C031791,,   0.000028260000,  -0.60000,
Firmware Version,FV:v24.26,,   0.000028270000,  -0.60000,
,,,0.000028280000,  -0.20000,
,,,0.000028290000,  -0.60000,
,,,0.000028300000,  -0.40000,
,,,0.000028310000,  -0.40000,
,,,0.000028320000,  -0.20000,
,,,0.000028330000,  -0.40000,
,,,0.000028340000,  -0.20000,
,,,0.000028350000,  -0.20000,
,,,0.000028360000,  -0.40000,
,,,0.000028370000,   0.00000,
,,,0.000028380000,  -0.20000,
,,,0.000028390000,  -0.40000,
,,,0.000028400000,  -0.40000,
,,,0.000028410000,  -0.20000,
,,,0.000028420000,  -0.20000,
,,,0.000028430000,   0.00000,
,,,0.000028440000,  -0.20000,
,,,0.000028450000,  -0.20000,
,,,0.000028460000,  -0.40000,
,,,0.000028470000,  -0.40000,
,,,0.000028480000,  -0.40000,
,,,0.000028490000,  -0.20000,
,,,0.000028500000,  -0.20000,
,,,0.000028510000,  -0.20000,
,,,0.000028520000,  -0.20000,
,,,0.000028530000,  -0.20000,
,,,0.000028540000,  -0.20000,
,,,0.000028550000,  -0.40000,
,,,0.000028560000,  -0.40000,
,,,0.000028570000,  -0.40000,
,,,0.000028580000,  -0.40000,
,,,0.000028590000,  -0.40000,
,,,0.000028600000,  -0.40000,
,,,0.000028610000,  -0.20000,
,,,0.000028620000,  -0.60000,
,,,0.000028630000,  -0.40000,
,,,0.000028640000,  -0.60000,
,,,0.000028650000,   0.00000,
,,,0.000028660000,  -0.20000,
,,,0.000028670000,  -0.40000,
,,,0.000028680000,   0.00000,
,,,0.000028690000,  -0.40000,
,,,0.000028700000,  -0.20000,
,,,0.000028710000,  -0.40000,
,,,0.000028720000,  -0.40000,
,,,0.000028730000,  -0.20000,
,,,0.000028740000,  -0.40000,
,,,0.000028750000,   0.20000,
,,,0.000028760000,  -0.20000,
,,,0.000028770000,  -0.40000,
,,,0.000028780000,  -0.20000,
,,,0.000028790000,  -0.40000,
,,,0.000028800000,  -0.40000,
,,,0.000028810000,  -0.20000,
,,,0.000028820000,   0.00000,
,,,0.000028830000,  -0.20000,
,,,0.000028840000,  -0.20000,
,,,0.000028850000,  -0.40000,
,,,0.000028860000,  -0.20000,
,,,0.000028870000,  -0.40000,
,,,0.000028880000,  -0.60000,
,,,0.000028890000,  -0.40000,
,,,0.000028900000,  -0.40000,
,,,0.000028910000,  -0.40000,
,,,0.000028920000,  -0.40000,
,,,0.000028930000,  -0.20000,
,,,0.000028940000,  -0.20000,
,,,0.000028950000,  -0.40000,
,,,0.000028960000,  -0.20000,
,,,0.000028970000,  -0.20000,
,,,0.000028980000,  -0.20000,
,,,0.000028990000,  -0.60000,
,,,0.000029000000,  -0.20000,
,,,0.000029010000,  -0.40000,
,,,0.000029020000,  -0.40000,
,,,0.000029030000,  -0.20000,
,,,0.000029040000,  -0.40000,
,,,0.000029050000,  -0.20000,
,,,0.000029060000,   0.00000,
,,,0.000029070000,   0.00000,
,,,0.000029080000,  -0.40000,
,,,0.000029090000,  -0.20000,
,,,0.000029100000,  -0.60000,
,,,0.000029110000,  -0.60000,
,,,0.000029120000,  -0.40000,
,,,0.000029130000,  -0.60000,
,,,0.000029140000,  -0.40000,
,,,0.000029150000,   0.00000,
,,,0.000029160000,  -0.60000,
,,,0.000029170000,  -0.20000,
,,,0.000029180000,  -0.40000,
,,,0.000029190000,  -0.40000,
,,,0.000029200000,  -0.40000,
,,,0.000029210000,  -0.40000,
,,,0.000029220000,  -0.40000,
,,,0.000029230000,  -0.20000,
,,,0.000029240000,  -0.20000,
,,,0.000029250000,  -0.40000,
,,,0.000029260000,  -0.40000,
,,,0.000029270000,  -0.40000,
,,,0.000029280000,  -0.40000,
,,,0.000029290000,  -0.40000,
,,,0.000029300000,  -0.20000,
,,,0.000029310000,  -0.20000,
,,,0.000029320000,  -0.20000,
,,,0.000029330000,  -0.40000,
,,,0.000029340000,   0.00000,
,,,0.000029350000,  -0.40000,
,,,0.000029360000,  -0.40000,
,,,0.000029370000,   0.00000,
,,,0.000029380000,  -0.40000,
,,,0.000029390000,  -0.40000,
,,,0.000029400000,  -0.40000,
,,,0.000029410000,  -0.20000,
,,,0.000029420000,  -0.20000,
,,,0.000029430000,  -0.20000,
,,,0.000029440000,  -0.20000,
,,,0.000029450000,  -0.40000,
,,,0.000029460000,   0.00000,
,,,0.000029470000,   0.00000,
,,,0.000029480000,  -0.20000,
,,,0.000029490000,  -0.20000,
,,,0.000029500000,  -0.20000,
,,,0.000029510000,  -0.40000,
,,,0.000029520000,   0.00000,
,,,0.000029530000,  -0.40000,
,,,0.000029540000,  -0.20000,
,,,0.000029550000,  -0.40000,
,,,0.000029560000,  -0.40000,
,,,0.000029570000,  -0.40000,
,,,0.000029580000,  -0.40000,
,,,0.000029590000,  -0.20000,
,,,0.000029600000,  -0.40000,
,,,0.000029610000,  -0.40000,
,,,0.000029620000,  -0.20000,
,,,0.000029630000,  -0.40000,
,,,0.000029640000,  -0.20000,
,,,0.000029650000,   0.00000,
,,,0.000029660000,  -0.20000,
,,,0.000029670000,  -0.20000,
,,,0.000029680000,  -0.60000,
,,,0.000029690000,  -0.40000,
,,,0.000029700000,  -0.60000,
,,,0.000029710000,  -0.40000,
,,,0.000029720000,  -0.40000,
,,,0.000029730000,  -0.20000,
,,,0.000029740000,  -0.20000,
,,,0.000029750000,  -0.40000,
,,,0.000029760000,  -0.20000,
,,,0.000029770000,  -0.20000,
,,,0.000029780000,  -0.20000,
,,,0.000029790000,  -0.20000,
,,,0.000029800000,  -0.40000,
,,,0.000029810000,   0.00000,
,,,0.000029820000,  -0.20000,
,,,0.000029830000,  -0.20000,
,,,0.000029840000,  -0.20000,
,,,0.000029850000,   0.00000,
,,,0.000029860000,  -0.20000,
,,,0.000029870000,  -0.40000,
,,,0.000029880000,  -0.20000,
,,,0.000029890000,  -0.20000,
,,,0.000029900000,  -0.20000,
,,,0.000029910000,  -0.20000,
,,,0.000029920000,  -0.20000,
,,,0.000029930000,  -0.40000,
,,,0.000029940000,  -0.40000,
,,,0.000029950000,   0.00000,
,,,0.000029960000,  -0.60000,
,,,0.000029970000,  -0.60000,
,,,0.000029980000,  -0.40000,
,,,0.000029990000,  -0.20000,
,,,0.000030000000,  -0.20000,
,,,0.000030010000,   0.00000,
,,,0.000030020000,   0.00000,
,,,0.000030030000,  -0.40000,
,,,0.000030040000,  -0.20000,
,,,0.000030050000,  -0.20000,
,,,0.000030060000,  -0.20000,
,,,0.000030070000,   0.00000,
,,,0.000030080000,  -0.40000,
,,,0.000030090000,  -0.60000,
,,,0.000030100000,  -0.60000,
,,,0.000030110000,   0.00000,
,,,0.000030120000,  -0.20000,
,,,0.000030130000,  -0.20000,
,,,0.000030140000,  -0.20000,
,,,0.000030150000,  -0.60000,
,,,0.000030160000,  -0.40000,
,,,0.000030170000,  -0.40000,
,,,0.000030180000,  -0.20000,
,,,0.000030190000,  -0.40000,
,,,0.000030200000,  -0.20000,
,,,0.000030210000,  -0.20000,
,,,0.000030220000,  -0.40000,
,,,0.000030230000,  -0.20000,
,,,0.000030240000,  -0.20000,
,,,0.000030250000,  -0.20000,
,,,0.000030260000,  -0.40000,
,,,0.000030270000,  -0.60000,
,,,0.000030280000,  -0.40000,
,,,0.000030290000,  -0.40000,
,,,0.000030300000,  -0.20000,
,,,0.000030310000,  -0.40000,
,,,0.000030320000,  -0.40000,
,,,0.000030330000,  -0.20000,
,,,0.000030340000,  -0.20000,
,,,0.000030350000,  -0.20000,
,,,0.000030360000,   0.00000,
,,,0.000030370000,  -0.40000,
,,,0.000030380000,  -0.20000,
,,,0.000030390000,  -0.20000,
,,,0.000030400000,  -0.20000,
,,,0.000030410000,  -0.20000,
,,,0.000030420000,  -0.60000,
,,,0.000030430000,  -0.40000,
,,,0.000030440000,  -0.40000,
,,,0.000030450000,  -0.40000,
,,,0.000030460000,  -0.20000,
,,,0.000030470000,  -0.20000,
,,,0.000030480000,   0.00000,
,,,0.000030490000,  -0.20000,
,,,0.000030500000,  -0.20000,
,,,0.000030510000,   0.20000,
,,,0.000030520000,  -0.20000,
,,,0.000030530000,  -0.20000,
,,,0.000030540000,  -0.20000,
,,,0.000030550000,  -0.20000,
,,,0.000030560000,  -0.40000,
,,,0.000030570000,  -0.40000,
,,,0.000030580000,  -0.20000,
,,,0.000030590000,  -0.20000,
,,,0.000030600000,  -0.20000,
,,,0.000030610000,  -0.40000,
,,,0.000030620000,  -0.40000,
,,,0.000030630000,   0.00000,
,,,0.000030640000,   0.00000,
,,,0.000030650000,  -0.20000,
,,,0.000030660000,  -0.20000,
,,,0.000030670000,  -0.40000,
,,,0.000030680000,  -0.40000,
,,,0.000030690000,  -0.20000,
,,,0.000030700000,  -0.20000,
,,,0.000030710000,  -0.20000,
,,,0.000030720000,  -0.40000,
,,,0.000030730000,   0.00000,
,,,0.000030740000,  -0.20000,
,,,0.000030750000,  -0.20000,
,,,0.000030760000,  -0.20000,
,,,0.000030770000,  -0.40000,
,,,0.000030780000,  -0.40000,
,,,0.000030790000,  -0.40000,
,,,0.000030800000,  -0.20000,
,,,0.000030810000,  -0.20000,
,,,0.000030820000,  -0.40000,
,,,0.000030830000,  -0.60000,
,,,0.000030840000,   0.00000,
,,,0.000030850000,  -0.40000,
,,,0.000030860000,  -0.20000,
,,,0.000030870000,  -0.20000,
,,,0.000030880000,   0.00000,
,,,0.000030890000,  -0.40000,
,,,0.000030900000,  -0.40000,
,,,0.000030910000,  -0.40000,
,,,0.000030920000,  -0.40000,
,,,0.000030930000,  -0.20000,
,,,0.000030940000,  -0.20000,
,,,0.000030950000,  -0.20000,
,,,0.000030960000,  -0.60000,
,,,0.000030970000,  -0.60000,
,,,0.000030980000,   0.00000,
,,,0.000030990000,  -0.20000,
,,,0.000031000000,  -0.20000,
,,,0.000031010000,   0.00000,
,,,0.000031020000,  -0.60000,
,,,0.000031030000,  -0.20000,
,,,0.000031040000,  -0.20000,
,,,0.000031050000,  -0.20000,
,,,0.000031060000,  -0.20000,
,,,0.000031070000,  -0.20000,
,,,0.000031080000,  -0.40000,
,,,0.000031090000,  -0.60000,
,,,0.000031100000,  -0.20000,
,,,0.000031110000,  -0.60000,
,,,0.000031120000,  -0.40000,
,,,0.000031130000,  -0.40000,
,,,0.000031140000,  -0.60000,
,,,0.000031150000,  -0.20000,
,,,0.000031160000,  -0.40000,
,,,0.000031170000,  -0.20000,
,,,0.000031180000,  -0.20000,
,,,0.000031190000,  -0.40000,
,,,0.000031200000,  -0.20000,
,,,0.000031210000,  -0.40000,
,,,0.000031220000,  -0.60000,
,,,0.000031230000,  -0.40000,
,,,0.000031240000,  -0.40000,
,,,0.000031250000,  -0.20000,
,,,0.000031260000,  -0.60000,
,,,0.000031270000,  -0.20000,
,,,0.000031280000,  -0.40000,
,,,0.000031290000,  -0.20000,
,,,0.000031300000,  -0.40000,
,,,0.000031310000,  -0.60000,
,,,0.000031320000,  -0.40000,
,,,0.000031330000,  -0.40000,
,,,0.000031340000,  -0.20000,
,,,0.000031350000,   0.00000,
,,,0.000031360000,  -0.40000,
,,,0.000031370000,  -0.40000,
,,,0.000031380000,  -0.60000,
,,,0.000031390000,  -0.40000,
,,,0.000031400000,  -0.20000,
,,,0.000031410000,  -0.20000,
,,,0.000031420000,  -0.20000,
,,,0.000031430000,  -0.40000,
,,,0.000031440000,  -0.20000,
,,,0.000031450000,   0.00000,
,,,0.000031460000,  -0.40000,
,,,0.000031470000,  -0.60000,
,,,0.000031480000,  -0.40000,
,,,0.000031490000,  -0.20000,
,,,0.000031500000,  -0.40000,
,,,0.000031510000,  -0.40000,
,,,0.000031520000,  -0.20000,
,,,0.000031530000,  -0.20000,
,,,0.000031540000,  -0.40000,
,,,0.000031550000,  -0.20000,
,,,0.000031560000,  -0.20000,
,,,0.000031570000,  -0.40000,
,,,0.000031580000,  -0.40000,
,,,0.000031590000,  -0.60000,
,,,0.000031600000,  -0.20000,
,,,0.000031610000,  -0.60000,
,,,0.000031620000,  -0.40000,
,,,0.000031630000,  -0.40000,
,,,0.000031640000,  -0.40000,
,,,0.000031650000,  -0.40000,
,,,0.000031660000,  -0.40000,
,,,0.000031670000,  -0.20000,
,,,0.000031680000,  -0.60000,
,,,0.000031690000,  -0.20000,
,,,0.000031700000,  -0.40000,
,,,0.000031710000,  -0.60000,
,,,0.000031720000,  -0.40000,
,,,0.000031730000,  -0.20000,
,,,0.000031740000,  -0.60000,
,,,0.000031750000,  -0.40000,
,,,0.000031760000,  -0.20000,
,,,0.000031770000,  -0.60000,
,,,0.000031780000,  -0.40000,
,,,0.000031790000,  -0.20000,
,,,0.000031800000,   0.00000,
,,,0.000031810000,  -0.20000,
,,,0.000031820000,  -0.20000,
,,,0.000031830000,  -0.40000,
,,,0.000031840000,  -0.20000,
,,,0.000031850000,  -0.40000,
,,,0.000031860000,  -0.40000,
,,,0.000031870000,  -0.20000,
,,,0.000031880000,  -0.40000,
,,,0.000031890000,  -0.40000,
,,,0.000031900000,  -0.20000,
,,,0.000031910000,  -0.20000,
,,,0.000031920000,  -0.40000,
,,,0.000031930000,  -0.20000,
,,,0.000031940000,  -0.40000,
,,,0.000031950000,  -0.40000,
,,,0.000031960000,  -0.40000,
,,,0.000031970000,  -0.60000,
,,,0.000031980000,  -0.20000,
,,,0.000031990000,  -0.40000,
,,,0.000032000000,  -0.40000,
,,,0.000032010000,  -0.20000,
,,,0.000032020000,  -0.20000,
,,,0.000032030000,  -0.40000,
,,,0.000032040000,  -0.20000,
,,,0.000032050000,   0.00000,
,,,0.000032060000,  -0.40000,
,,,0.000032070000,  -0.20000,
,,,0.000032080000,  -0.40000,
,,,0.000032090000,  -0.20000,
,,,0.000032100000,  -0.20000,
,,,0.000032110000,  -0.60000,
,,,0.000032120000,   0.00000,
,,,0.000032130000,  -0.60000,
,,,0.000032140000,  -0.40000,
,,,0.000032150000,   0.00000,
,,,0.000032160000,  -0.40000,
,,,0.000032170000,  -0.20000,
,,,0.000032180000,  -0.40000,
,,,0.000032190000,  -0.40000,
,,,0.000032200000,  -0.60000,
,,,0.000032210000,  -0.60000,
,,,0.000032220000,  -0.20000,
,,,0.000032230000,  -0.40000,
,,,0.000032240000,  -0.20000,
,,,0.000032250000,  -0.60000,
,,,0.000032260000,  -0.20000,
,,,0.000032270000,  -0.40000,
,,,0.000032280000,  -0.20000,
,,,0.000032290000,  -0.40000,
,,,0.000032300000,  -0.40000,
,,,0.000032310000,  -0.60000,
,,,0.000032320000,  -0.40000,
,,,0.000032330000,  -0.20000,
,,,0.000032340000,  -0.20000,
,,,0.000032350000,  -0.40000,
,,,0.000032360000,  -0.40000,
,,,0.000032370000,  -0.40000,
,,,0.000032380000,   0.00000,
,,,0.000032390000,  -0.20000,
,,,0.000032400000,  -0.20000,
,,,0.000032410000,  -0.60000,
,,,0.000032420000,  -0.20000,
,,,0.000032430000,  -0.20000,
,,,0.000032440000,  -0.20000,
,,,0.000032450000,  -0.40000,
,,,0.000032460000,  -0.20000,
,,,0.000032470000,  -0.20000,
,,,0.000032480000,  -0.20000,
,,,0.000032490000,  -0.20000,
,,,0.000032500000,  -0.40000,
,,,0.000032510000,  -0.20000,
,,,0.000032520000,  -0.20000,
,,,0.000032530000,  -0.20000,
,,,0.000032540000,   0.00000,
,,,0.000032550000,  -0.40000,
,,,0.000032560000,  -0.20000,
,,,0.000032570000,  -0.40000,
,,,0.000032580000,  -0.60000,
,,,0.000032590000,  -0.20000,
,,,0.000032600000,  -0.40000,
,,,0.000032610000,  -0.20000,
,,,0.000032620000,  -0.40000,
,,,0.000032630000,  -0.40000,
,,,0.000032640000,   0.00000,
,,,0.000032650000,  -0.20000,
,,,0.000032660000,  -0.40000,
,,,0.000032670000,  -0.60000,
,,,0.000032680000,  -0.20000,
,,,0.000032690000,  -0.20000,
,,,0.000032700000,  -0.20000,
,,,0.000032710000,   0.00000,
,,,0.000032720000,  -0.20000,
,,,0.000032730000,  -0.20000,
,,,0.000032740000,  -0.20000,
,,,0.000032750000,  -0.40000,
,,,0.000032760000,  -0.40000,
,,,0.000032770000,  -0.20000,
,,,0.000032780000,  -0.20000,
,,,0.000032790000,  -0.20000,
,,,0.000032800000,  -0.20000,
,,,0.000032810000,  -0.40000,
,,,0.000032820000,  -0.60000,
,,,0.000032830000,  -0.40000,
,,,0.000032840000,  -0.20000,
,,,0.000032850000,  -0.60000,
,,,0.000032860000,  -0.20000,
,,,0.000032870000,  -0.40000,
,,,0.000032880000,  -0.40000,
,,,0.000032890000,  -0.20000,
,,,0.000032900000,  -0.40000,
,,,0.000032910000,  -0.60000,
,,,0.000032920000,  -0.20000,
,,,0.000032930000,  -0.40000,
,,,0.000032940000,  -0.40000,
,,,0.000032950000,  -0.40000,
,,,0.000032960000,  -0.20000,
,,,0.000032970000,  -0.20000,
,,,0.000032980000,  -0.40000,
,,,0.000032990000,   0.00000,
,,,0.000033000000,  -0.40000,
,,,0.000033010000,   0.00000,
,,,0.000033020000,  -0.20000,
,,,0.000033030000,  -0.20000,
,,,0.000033040000,  -0.40000,
,,,0.000033050000,   0.00000,
,,,0.000033060000,  -0.60000,
,,,0.000033070000,  -0.40000,
,,,0.000033080000,   0.00000,
,,,0.000033090000,  -0.40000,
,,,0.000033100000,  -0.40000,
,,,0.000033110000,  -0.20000,
,,,0.000033120000,  -0.20000,
,,,0.000033130000,  -0.60000,
,,,0.000033140000,  -0.60000,
,,,0.000033150000,  -0.40000,
,,,0.000033160000,  -0.40000,
,,,0.000033170000,  -0.60000,
,,,0.000033180000,  -0.60000,
,,,0.000033190000,  -0.80000,
,,,0.000033200000,  -1.20000,
,,,0.000033210000,  -1.20000,
,,,0.000033220000,  -1.40000,
,,,0.000033230000,  -1.40000,
,,,0.000033240000,  -1.60000,
,,,0.000033250000,  -1.20000,
,,,0.000033260000,  -1.20000,
,,,0.000033270000,  -0.80000,
,,,0.000033280000,  -0.80000,
,,,0.000033290000,  -0.40000,
,,,0.000033300000,   0.20000,
,,,0.000033310000,   0.40000,
,,,0.000033320000,   0.60000,
,,,0.000033330000,   1.00000,
,,,0.000033340000,   1.00000,
,,,0.000033350000,   1.40000,
,,,0.000033360000,   1.60000,
,,,0.000033370000,   1.80000,
,,,0.000033380000,   2.00000,
,,,0.000033390000,   2.20000,
,,,0.000033400000,   2.40000,
,,,0.000033410000,   2.60000,
,,,0.000033420000,   3.00000,
,,,0.000033430000,   3.00000,
,,,0.000033440000,   3.00000,
,,,0.000033450000,   3.00000,
,,,0.000033460000,   2.40000,
,,,0.000033470000,   2.00000,
,,,0.000033480000,   1.20000,
,,,0.000033490000,  -0.20000,
,,,0.000033500000,  -1.00000,
,,,0.000033510000,  -2.00000,
,,,0.000033520000,  -2.80000,
,,,0.000033530000,  -3.40000,
,,,0.000033540000,  -4.40000,
,,,0.000033550000,  -4.80000,
,,,0.000033560000,  -5.00000,
,,,0.000033570000,  -5.40000,
,,,0.000033580000,  -5.40000,
,,,0.000033590000,  -5.80000,
,,,0.000033600000,  -5.40000,
,,,0.000033610000,  -5.80000,
,,,0.000033620000,  -5.80000,
,,,0.000033630000,  -5.60000,
,,,0.000033640000,  -5.60000,
,,,0.000033650000,  -5.20000,
,,,0.000033660000,  -4.20000,
,,,0.000033670000,  -3.60000,
,,,0.000033680000,  -2.40000,
,,,0.000033690000,  -1.60000,
,,,0.000033700000,   0.20000,
,,,0.000033710000,   1.20000,
,,,0.000033720000,   2.40000,
,,,0.000033730000,   3.40000,
,,,0.000033740000,   4.20000,
,,,0.000033750000,   5.00000,
,,,0.000033760000,   5.40000,
,,,0.000033770000,   5.40000,
,,,0.000033780000,   5.60000,
,,,0.000033790000,   5.60000,
,,,0.000033800000,   5.60000,
,,,0.000033810000,   5.80000,
,,,0.000033820000,   5.20000,
,,,0.000033830000,   5.00000,
,,,0.000033840000,   5.00000,
,,,0.000033850000,   4.60000,
,,,0.000033860000,   4.00000,
,,,0.000033870000,   3.40000,
,,,0.000033880000,   2.60000,
,,,0.000033890000,   1.40000,
,,,0.000033900000,   0.40000,
,,,0.000033910000,  -0.60000,
,,,0.000033920000,  -1.60000,
,,,0.000033930000,  -2.60000,
,,,0.000033940000,  -3.40000,
,,,0.000033950000,  -4.00000,
,,,0.000033960000,  -4.20000,
,,,0.000033970000,  -4.40000,
,,,0.000033980000,  -4.60000,
,,,0.000033990000,  -4.80000,
,,,0.000034000000,  -4.80000,
,,,0.000034010000,  -4.60000,
,,,0.000034020000,  -4.60000,
,,,0.000034030000,  -4.20000,
,,,0.000034040000,  -4.00000,
,,,0.000034050000,  -3.80000,
,,,0.000034060000,  -3.40000,
,,,0.000034070000,  -3.00000,
,,,0.000034080000,  -2.60000,
,,,0.000034090000,  -1.80000,
,,,0.000034100000,  -1.20000,
,,,0.000034110000,  -0.80000,
,,,0.000034120000,   0.00000,
,,,0.000034130000,   0.20000,
,,,0.000034140000,   1.00000,
,,,0.000034150000,   1.20000,
,,,0.000034160000,   1.40000,
,,,0.000034170000,   1.80000,
,,,0.000034180000,   1.80000,
,,,0.000034190000,   2.00000,
,,,0.000034200000,   2.20000,
,,,0.000034210000,   1.80000,
,,,0.000034220000,   1.60000,
,,,0.000034230000,   1.40000,
,,,0.000034240000,   1.60000,
,,,0.000034250000,   1.40000,
,,,0.000034260000,   1.20000,
,,,0.000034270000,   1.20000,
,,,0.000034280000,   0.60000,
,,,0.000034290000,   0.40000,
,,,0.000034300000,   0.20000,
,,,0.000034310000,   0.00000,
,,,0.000034320000,  -0.40000,
,,,0.000034330000,  -0.60000,
,,,0.000034340000,  -0.80000,
,,,0.000034350000,  -0.80000,
,,,0.000034360000,  -0.80000,
,,,0.000034370000,  -1.00000,
,,,0.000034380000,  -1.20000,
,,,0.000034390000,  -1.20000,
,,,0.000034400000,  -1.20000,
,,,0.000034410000,  -0.80000,
,,,0.000034420000,  -0.80000,
,,,0.000034430000,  -0.80000,
,,,0.000034440000,  -0.80000,
,,,0.000034450000,  -0.60000,
,,,0.000034460000,  -0.40000,
,,,0.000034470000,  -0.40000,
,,,0.000034480000,  -0.40000,
,,,0.000034490000,  -0.20000,
,,,0.000034500000,   0.00000,
,,,0.000034510000,  -0.20000,
,,,0.000034520000,  -0.40000,
,,,0.000034530000,  -0.40000,
,,,0.000034540000,   0.00000,
,,,0.000034550000,  -0.20000,
,,,0.000034560000,  -0.60000,
,,,0.000034570000,   0.00000,
,,,0.000034580000,  -0.40000,
,,,0.000034590000,   0.00000,
,,,0.000034600000,  -0.20000,
,,,0.000034610000,  -0.20000,
,,,0.000034620000,  -0.20000,
,,,0.000034630000,  -0.40000,
,,,0.000034640000,  -0.20000,
,,,0.000034650000,  -0.60000,
,,,0.000034660000,  -0.20000,
,,,0.000034670000,  -0.20000,
,,,0.000034680000,  -0.60000,
,,,0.000034690000,  -0.40000,
,,,0.000034700000,  -0.40000,
,,,0.000034710000,  -0.60000,
,,,0.000034720000,  -0.40000,
,,,0.000034730000,  -0.40000,
,,,0.000034740000,  -0.40000,
,,,0.000034750000,  -0.40000,
,,,0.000034760000,  -0.40000,
,,,0.000034770000,  -0.20000,
,,,0.000034780000,  -0.40000,
,,,0.000034790000,  -0.40000,
,,,0.000034800000,  -0.20000,
,,,0.000034810000,  -0.20000,
,,,0.000034820000,  -0.20000,
,,,0.000034830000,   0.00000,
,,,0.000034840000,   0.00000,
,,,0.000034850000,   0.00000,
,,,0.000034860000,   0.20000,
,,,0.000034870000,  -0.20000,
,,,0.000034880000,   0.00000,
,,,0.000034890000,  -0.20000,
,,,0.000034900000,   0.00000,
,,,0.000034910000,   0.00000,
,,,0.000034920000,   0.20000,
,,,0.000034930000,  -0.20000,
,,,0.000034940000,   0.00000,
,,,0.000034950000,   0.00000,
,,,0.000034960000,   0.00000,
,,,0.000034970000,   0.00000,
,,,0.000034980000,  -0.20000,
,,,0.000034990000,  -0.20000,
,,,0.000035000000,  -0.20000,
,,,0.000035010000,  -0.40000,
,,,0.000035020000,  -0.20000,
,,,0.000035030000,  -0.20000,
,,,0.000035040000,  -0.60000,
,,,0.000035050000,  -0.60000,
,,,0.000035060000,  -0.20000,
,,,0.000035070000,  -0.40000,
,,,0.000035080000,  -0.20000,
,,,0.000035090000,  -0.40000,
,,,0.000035100000,  -0.20000,
,,,0.000035110000,  -0.40000,
,,,0.000035120000,  -0.20000,
,,,0.000035130000,  -0.20000,
,,,0.000035140000,  -0.20000,
,,,0.000035150000,  -0.40000,
,,,0.000035160000,  -0.40000,
,,,0.000035170000,  -0.60000,
,,,0.000035180000,  -0.60000,
,,,0.000035190000,  -1.00000,
,,,0.000035200000,  -1.20000,
,,,0.000035210000,  -1.40000,
,,,0.000035220000,  -2.00000,
,,,0.000035230000,  -1.80000,
,,,0.000035240000,  -2.20000,
,,,0.000035250000,  -2.20000,
,,,0.000035260000,  -2.80000,
,,,0.000035270000,  -2.60000,
,,,0.000035280000,  -2.80000,
,,,0.000035290000,  -3.00000,
,,,0.000035300000,  -3.20000,
,,,0.000035310000,  -2.80000,
,,,0.000035320000,  -3.00000,
,,,0.000035330000,  -2.60000,
,,,0.000035340000,  -2.00000,
,,,0.000035350000,  -1.20000,
,,,0.000035360000,  -0.20000,
,,,0.000035370000,   1.00000,
,,,0.000035380000,   2.20000,
,,,0.000035390000,   3.60000,
,,,0.000035400000,   5.40000,
,,,0.000035410000,   6.20000,
,,,0.000035420000,   7.60000,
,,,0.000035430000,   8.60000,
,,,0.000035440000,   9.20000,
,,,0.000035450000,  10.00000,
,,,0.000035460000,  10.40000,
,,,0.000035470000,  10.20000,
,,,0.000035480000,  10.20000,
,,,0.000035490000,  10.00000,
,,,0.000035500000,   9.40000,
,,,0.000035510000,   8.60000,
,,,0.000035520000,   7.60000,
,,,0.000035530000,   6.40000,
,,,0.000035540000,   4.40000,
,,,0.000035550000,   2.20000,
,,,0.000035560000,   0.00000,
,,,0.000035570000,  -2.40000,
,,,0.000035580000,  -4.80000,
,,,0.000035590000,  -7.20000,
,,,0.000035600000, -10.40000,
,,,0.000035610000, -13.00000,
,,,0.000035620000, -15.60000,
,,,0.000035630000, -17.60000,
,,,0.000035640000, -19.20000,
,,,0.000035650000, -19.80000,
,,,0.000035660000, -20.20000,
,,,0.000035670000, -20.60000,
,,,0.000035680000, -20.00000,
,,,0.000035690000, -19.20000,
,,,0.000035700000, -18.00000,
,,,0.000035710000, -16.60000,
,,,0.000035720000, -14.80000,
,,,0.000035730000, -12.80000,
,,,0.000035740000, -10.40000,
,,,0.000035750000,  -7.40000,
,,,0.000035760000,  -4.00000,
,,,0.000035770000,  -0.80000,
,,,0.000035780000,   2.40000,
,,,0.000035790000,   6.20000,
,,,0.000035800000,   9.00000,
,,,0.000035810000,  11.80000,
,,,0.000035820000,  14.80000,
,,,0.000035830000,  17.00000,
,,,0.000035840000,  18.80000,
,,,0.000035850000,  20.20000,
,,,0.000035860000,  20.80000,
,,,0.000035870000,  20.80000,
,,,0.000035880000,  20.40000,
,,,0.000035890000,  19.60000,
,,,0.000035900000,  18.40000,
,,,0.000035910000,  17.00000,
,,,0.000035920000,  15.40000,
,,,0.000035930000,  13.80000,
,,,0.000035940000,  11.60000,
,,,0.000035950000,   9.20000,
,,,0.000035960000,   6.80000,
,,,0.000035970000,   3.60000,
,,,0.000035980000,   1.00000,
,,,0.000035990000,  -1.80000,
,,,0.000036000000,  -4.60000,
,,,0.000036010000,  -7.20000,
,,,0.000036020000,  -9.60000,
,,,0.000036030000, -11.40000,
,,,0.000036040000, -13.20000,
,,,0.000036050000, -14.00000,
,,,0.000036060000, -14.40000,
,,,0.000036070000, -14.40000,
,,,0.000036080000, -14.40000,
,,,0.000036090000, -14.20000,
,,,0.000036100000, -13.60000,
,,,0.000036110000, -12.80000,
,,,0.000036120000, -11.60000,
,,,0.000036130000, -10.60000,
,,,0.000036140000,  -9.00000,
,,,0.000036150000,  -7.80000,
,,,0.000036160000,  -6.20000,
,,,0.000036170000,  -4.40000,
,,,0.000036180000,  -3.20000,
,,,0.000036190000,  -1.40000,
,,,0.000036200000,   0.60000,
,,,0.000036210000,   1.40000,
,,,0.000036220000,   3.00000,
,,,0.000036230000,   4.00000,
,,,0.000036240000,   4.60000,
,,,0.000036250000,   5.60000,
,,,0.000036260000,   6.00000,
,,,0.000036270000,   6.40000,
,,,0.000036280000,   6.20000,
,,,0.000036290000,   6.20000,
,,,0.000036300000,   5.80000,
,,,0.000036310000,   5.20000,
,,,0.000036320000,   4.80000,
,,,0.000036330000,   4.20000,
,,,0.000036340000,   3.80000,
,,,0.000036350000,   3.20000,
,,,0.000036360000,   2.40000,
,,,0.000036370000,   1.80000,
,,,0.000036380000,   1.00000,
,,,0.000036390000,   0.60000,
,,,0.000036400000,   0.00000,
,,,0.000036410000,  -0.80000,
,,,0.000036420000,  -1.40000,
,,,0.000036430000,  -1.60000,
,,,0.000036440000,  -2.00000,
,,,0.000036450000,  -2.00000,
,,,0.000036460000,  -2.40000,
,,,0.000036470000,  -2.40000,
,,,0.000036480000,  -2.00000,
,,,0.000036490000,  -2.00000,
,,,0.000036500000,  -2.00000,
,,,0.000036510000,  -2.20000,
,,,0.000036520000,  -1.80000,
,,,0.000036530000,  -1.40000,
,,,0.000036540000,  -1.40000,
,,,0.000036550000,  -0.80000,
,,,0.000036560000,  -1.00000,
,,,0.000036570000,  -0.40000,
,,,0.000036580000,  -0.40000,
,,,0.000036590000,  -0.40000,
,,,0.000036600000,  -0.20000,
,,,0.000036610000,  -0.20000,
,,,0.000036620000,   0.00000,
,,,0.000036630000,  -0.20000,
,,,0.000036640000,   0.20000,
,,,0.000036650000,   0.20000,
,,,0.000036660000,  -0.40000,
,,,0.000036670000,   0.00000,
,,,0.000036680000,   0.20000,
,,,0.000036690000,  -0.20000,
,,,0.000036700000,   0.00000,
,,,0.000036710000,  -0.40000,
,,,0.000036720000,  -0.40000,
,,,0.000036730000,  -0.20000,
,,,0.000036740000,  -0.40000,
,,,0.000036750000,  -0.60000,
,,,0.000036760000,  -0.80000,
,,,0.000036770000,  -0.80000,
,,,0.000036780000,  -0.40000,
,,,0.000036790000,  -0.60000,
,,,0.000036800000,  -0.80000,
,,,0.000036810000,  -0.60000,
,,,0.000036820000,   0.00000,
,,,0.000036830000,  -0.40000,
,,,0.000036840000,  -0.20000,
,,,0.000036850000,  -0.40000,
,,,0.000036860000,  -0.20000,
,,,0.000036870000,  -0.20000,
,,,0.000036880000,  -0.20000,
,,,0.000036890000,   0.20000,
,,,0.000036900000,  -0.20000,
,,,0.000036910000,  -0.20000,
,,,0.000036920000,   0.20000,
,,,0.000036930000,   0.00000,
,,,0.000036940000,   0.00000,
,,,0.000036950000,   0.20000,
,,,0.000036960000,   0.00000,
,,,0.000036970000,   0.20000,
,,,0.000036980000,   0.20000,
,,,0.000036990000,   0.00000,
,,,0.000037000000,   0.00000,
,,,0.000037010000,  -0.20000,
,,,0.000037020000,  -0.40000,
,,,0.000037030000,  -0.60000,
,,,0.000037040000,   0.00000,
,,,0.000037050000,  -0.60000,
,,,0.000037060000,  -0.20000,
,,,0.000037070000,  -0.60000,
,,,0.000037080000,  -0.60000,
,,,0.000037090000,  -0.60000,
,,,0.000037100000,  -0.60000,
,,,0.000037110000,  -0.60000,
,,,0.000037120000,  -0.60000,
,,,0.000037130000,  -0.60000,
,,,0.000037140000,  -0.60000,
,,,0.000037150000,  -0.60000,
,,,0.000037160000,  -0.60000,
,,,0.000037170000,  -0.80000,
,,,0.000037180000,  -0.60000,
,,,0.000037190000,  -0.40000,
,,,0.000037200000,  -0.80000,
,,,0.000037210000,  -0.40000,
,,,0.000037220000,  -0.60000,
,,,0.000037230000,  -0.20000,
,,,0.000037240000,  -0.20000,
,,,0.000037250000,  -0.20000,
,,,0.000037260000,   0.20000,
,,,0.000037270000,   0.00000,
,,,0.000037280000,   0.20000,
,,,0.000037290000,   0.20000,
,,,0.000037300000,   0.00000,
,,,0.000037310000,   0.20000,
,,,0.000037320000,   0.20000,
,,,0.000037330000,   0.40000,
,,,0.000037340000,   0.40000,
,,,0.000037350000,   0.20000,
,,,0.000037360000,   0.20000,
,,,0.000037370000,   0.20000,
,,,0.000037380000,   0.20000,
,,,0.000037390000,   0.20000,
,,,0.000037400000,  -0.20000,
,,,0.000037410000,  -0.20000,
,,,0.000037420000,  -0.40000,
,,,0.000037430000,  -0.40000,
,,,0.000037440000,  -0.40000,
,,,0.000037450000,  -1.00000,
,,,0.000037460000,  -0.80000,
,,,0.000037470000,  -1.20000,
,,,0.000037480000,  -1.40000,
,,,0.000037490000,  -1.40000,
,,,0.000037500000,  -1.40000,
,,,0.000037510000,  -1.40000,
,,,0.000037520000,  -1.40000,
,,,0.000037530000,  -1.60000,
,,,0.000037540000,  -1.60000,
,,,0.000037550000,  -1.40000,
,,,0.000037560000,  -1.20000,
,,,0.000037570000,  -1.40000,
,,,0.000037580000,  -1.20000,
,,,0.000037590000,  -1.00000,
,,,0.000037600000,  -0.80000,
,,,0.000037610000,  -0.60000,
,,,0.000037620000,  -0.60000,
,,,0.000037630000,   0.00000,
,,,0.000037640000,   0.20000,
,,,0.000037650000,   0.20000,
,,,0.000037660000,   0.40000,
,,,0.000037670000,   1.20000,
,,,0.000037680000,   1.40000,
,,,0.000037690000,   1.60000,
,,,0.000037700000,   1.60000,
,,,0.000037710000,   1.60000,
,,,0.000037720000,   2.00000,
,,,0.000037730000,   2.20000,
,,,0.000037740000,   2.00000,
,,,0.000037750000,   1.80000,
,,,0.000037760000,   1.60000,
,,,0.000037770000,   1.60000,
,,,0.000037780000,   1.40000,
,,,0.000037790000,   1.00000,
,,,0.000037800000,   0.60000,
,,,0.000037810000,   0.80000,
,,,0.000037820000,   0.00000,
,,,0.000037830000,  -0.20000,
,,,0.000037840000,   0.00000,
,,,0.000037850000,  -0.40000,
,,,0.000037860000,  -1.20000,
,,,0.000037870000,  -1.20000,
,,,0.000037880000,  -1.80000,
,,,0.000037890000,  -2.00000,
,,,0.000037900000,  -2.20000,
,,,0.000037910000,  -2.20000,
,,,0.000037920000,  -2.20000,
,,,0.000037930000,  -2.20000,
,,,0.000037940000,  -2.00000,
,,,0.000037950000,  -2.40000,
,,,0.000037960000,  -2.20000,
,,,0.000037970000,  -1.80000,
,,,0.000037980000,  -1.80000,
,,,0.000037990000,  -1.40000,
,,,0.000038000000,  -1.00000,
,,,0.000038010000,  -1.20000,
,,,0.000038020000,  -0.60000,
,,,0.000038030000,  -0.40000,
,,,0.000038040000,  -0.60000,
,,,0.000038050000,  -0.40000,
,,,0.000038060000,   0.00000,
,,,0.000038070000,  -0.40000,
,,,0.000038080000,  -0.40000,
,,,0.000038090000,  -0.40000,
,,,0.000038100000,  -0.20000,
,,,0.000038110000,  -0.40000,
,,,0.000038120000,  -0.40000,
,,,0.000038130000,  -0.40000,
,,,0.000038140000,  -0.60000,
,,,0.000038150000,  -0.40000,
,,,0.000038160000,  -0.60000,
,,,0.000038170000,  -0.80000,
,,,0.000038180000,  -1.00000,
,,,0.000038190000,  -1.20000,
,,,0.000038200000,  -1.00000,
,,,0.000038210000,  -1.00000,
,,,0.000038220000,  -1.00000,
,,,0.000038230000,  -0.80000,
,,,0.000038240000,  -0.60000,
,,,0.000038250000,  -0.20000,
,,,0.000038260000,   0.00000,
,,,0.000038270000,   0.40000,
,,,0.000038280000,   1.20000,
,,,0.000038290000,   1.60000,
,,,0.000038300000,   1.80000,
,,,0.000038310000,   2.00000,
,,,0.000038320000,   2.40000,
,,,0.000038330000,   2.60000,
,,,0.000038340000,   2.40000,
,,,0.000038350000,   2.40000,
,,,0.000038360000,   2.40000,
,,,0.000038370000,   2.60000,
,,,0.000038380000,   2.40000,
,,,0.000038390000,   2.20000,
,,,0.000038400000,   2.00000,
,,,0.000038410000,   1.60000,
,,,0.000038420000,   1.40000,
,,,0.000038430000,   1.20000,
,,,0.000038440000,   0.60000,
,,,0.000038450000,   0.00000,
,,,0.000038460000,  -0.80000,
,,,0.000038470000,  -1.20000,
,,,0.000038480000,  -2.20000,
,,,0.000038490000,  -2.80000,
,,,0.000038500000,  -3.20000,
,,,0.000038510000,  -3.60000,
,,,0.000038520000,  -4.20000,
,,,0.000038530000,  -4.00000,
,,,0.000038540000,  -4.40000,
,,,0.000038550000,  -4.40000,
,,,0.000038560000,  -4.00000,
,,,0.000038570000,  -3.80000,
,,,0.000038580000,  -3.60000,
,,,0.000038590000,  -3.40000,
,,,0.000038600000,  -2.80000,
,,,0.000038610000,  -2.80000,
,,,0.000038620000,  -2.20000,
,,,0.000038630000,  -1.60000,
,,,0.000038640000,  -1.60000,
,,,0.000038650000,  -0.80000,
,,,0.000038660000,  -0.60000,
,,,0.000038670000,   0.00000,
,,,0.000038680000,   0.80000,
,,,0.000038690000,   1.00000,
,,,0.000038700000,   1.60000,
,,,0.000038710000,   2.00000,
,,,0.000038720000,   2.40000,
,,,0.000038730000,   2.40000,
,,,0.000038740000,   2.60000,
,,,0.000038750000,   2.40000,
,,,0.000038760000,   2.60000,
,,,0.000038770000,   2.40000,
,,,0.000038780000,   2.20000,
,,,0.000038790000,   1.80000,
,,,0.000038800000,   1.80000,
,,,0.000038810000,   1.60000,
,,,0.000038820000,   1.20000,
,,,0.000038830000,   1.20000,
,,,0.000038840000,   0.60000,
,,,0.000038850000,   0.60000,
,,,0.000038860000,   0.40000,
,,,0.000038870000,   0.00000,
,,,0.000038880000,  -0.40000,
,,,0.000038890000,  -0.80000,
,,,0.000038900000,  -1.00000,
,,,0.000038910000,  -1.20000,
,,,0.000038920000,  -1.40000,
,,,0.000038930000,  -1.40000,
,,,0.000038940000,  -1.60000,
,,,0.000038950000,  -1.60000,
,,,0.000038960000,  -1.60000,
,,,0.000038970000,  -1.60000,
,,,0.000038980000,  -1.40000,
,,,0.000038990000,  -1.40000,
,,,0.000039000000,  -1.40000,
,,,0.000039010000,  -1.40000,
,,,0.000039020000,  -1.00000,
,,,0.000039030000,  -1.20000,
,,,0.000039040000,  -1.00000,
,,,0.000039050000,  -0.40000,
,,,0.000039060000,  -0.60000,
,,,0.000039070000,  -0.60000,
,,,0.000039080000,  -0.40000,
,,,0.000039090000,   0.00000,
,,,0.000039100000,   0.00000,
,,,0.000039110000,  -0.20000,
,,,0.000039120000,   0.00000,
,,,0.000039130000,  -0.20000,
,,,0.000039140000,   0.20000,
,,,0.000039150000,   0.00000,
,,,0.000039160000,   0.20000,
,,,0.000039170000,   0.20000,
,,,0.000039180000,   0.00000,
,,,0.000039190000,   0.20000,
,,,0.000039200000,  -0.20000,
,,,0.000039210000,   0.00000,
,,,0.000039220000,   0.00000,
,,,0.000039230000,  -0.40000,
,,,0.000039240000,  -0.20000,
,,,0.000039250000,  -0.60000,
,,,0.000039260000,  -0.40000,
,,,0.000039270000,  -0.40000,
,,,0.000039280000,  -0.60000,
,,,0.000039290000,  -0.20000,
,,,0.000039300000,  -0.60000,
,,,0.000039310000,  -0.20000,
,,,0.000039320000,  -0.20000,
,,,0.000039330000,  -0.40000,
,,,0.000039340000,  -0.40000,
,,,0.000039350000,  -0.40000,
,,,0.000039360000,   0.00000,
,,,0.000039370000,  -0.40000,
,,,0.000039380000,  -0.20000,
,,,0.000039390000,  -0.20000,
,,,0.000039400000,  -0.40000,
,,,0.000039410000,  -0.20000,
,,,0.000039420000,  -0.20000,
,,,0.000039430000,  -0.40000,
,,,0.000039440000,  -0.20000,
,,,0.000039450000,  -0.20000,
,,,0.000039460000,   0.00000,
,,,0.000039470000,   0.00000,
,,,0.000039480000,  -0.40000,
,,,0.000039490000,  -0.20000,
,,,0.000039500000,   0.00000,
,,,0.000039510000,  -0.20000,
,,,0.000039520000,  -0.20000,
,,,0.000039530000,  -0.20000,
,,,0.000039540000,   0.00000,
,,,0.000039550000,   0.00000,
,,,0.000039560000,  -0.40000,
,,,0.000039570000,   0.00000,
,,,0.000039580000,  -0.40000,
,,,0.000039590000,  -0.40000,
,,,0.000039600000,  -0.40000,
,,,0.000039610000,   0.00000,
,,,0.000039620000,  -0.20000,
,,,0.000039630000,  -0.60000,
,,,0.000039640000,  -0.20000,
,,,0.000039650000,  -0.40000,
,,,0.000039660000,  -0.20000,
,,,0.000039670000,  -0.40000,
,,,0.000039680000,  -0.40000,
,,,0.000039690000,  -0.40000,
,,,0.000039700000,  -0.40000,
,,,0.000039710000,  -0.40000,
,,,0.000039720000,  -0.60000,
,,,0.000039730000,  -0.40000,
,,,0.000039740000,  -0.60000,
,,,0.000039750000,  -0.40000,
,,,0.000039760000,  -0.40000,
,,,0.000039770000,  -0.20000,
,,,0.000039780000,  -0.40000,
,,,0.000039790000,  -0.60000,
,,,0.000039800000,  -0.40000,
,,,0.000039810000,  -0.60000,
,,,0.000039820000,  -0.40000,
,,,0.000039830000,  -0.40000,
,,,0.000039840000,  -0.40000,
,,,0.000039850000,  -0.40000,
,,,0.000039860000,  -0.60000,
,,,0.000039870000,  -0.40000,
,,,0.000039880000,  -0.60000,
,,,0.000039890000,  -0.40000,
,,,0.000039900000,  -0.40000,
,,,0.000039910000,  -0.40000,
,,,0.000039920000,  -0.20000,
,,,0.000039930000,  -0.40000,
,,,0.000039940000,  -0.20000,
,,,0.000039950000,   0.00000,
,,,0.000039960000,  -0.20000,
,,,0.000039970000,  -0.20000,
,,,0.000039980000,   0.00000,
,,,0.000039990000,  -0.40000,
,,,0.000040000000,  -0.40000,
,,,0.000040010000,  -0.20000,
,,,0.000040020000,  -0.20000,
,,,0.000040030000,  -0.20000,
,,,0.000040040000,  -0.20000,
,,,0.000040050000,  -0.40000,
,,,0.000040060000,  -0.40000,
,,,0.000040070000,  -0.20000,
,,,0.000040080000,  -0.20000,
,,,0.000040090000,  -0.20000,
,,,0.000040100000,  -0.20000,
,,,0.000040110000,  -0.20000,
,,,0.000040120000,  -0.20000,
,,,0.000040130000,  -0.40000,
,,,0.000040140000,  -0.40000,
,,,0.000040150000,  -0.20000,
,,,0.000040160000,  -0.20000,
,,,0.000040170000,  -0.60000,
,,,0.000040180000,  -0.20000,
,,,0.000040190000,  -0.20000,
,,,0.000040200000,  -0.20000,
,,,0.000040210000,  -0.20000,
,,,0.000040220000,   0.00000,
,,,0.000040230000,   0.00000,
,,,0.000040240000,   0.00000,
,,,0.000040250000,   0.00000,
,,,0.000040260000,   0.00000,
,,,0.000040270000,  -0.20000,
,,,0.000040280000,  -0.20000,
,,,0.000040290000,  -0.40000,
,,,0.000040300000,   0.00000,
,,,0.000040310000,  -0.40000,
,,,0.000040320000,  -0.60000,
,,,0.000040330000,  -0.40000,
,,,0.000040340000,  -0.80000,
,,,0.000040350000,  -0.80000,
,,,0.000040360000,  -0.60000,
,,,0.000040370000,  -1.00000,
,,,0.000040380000,  -1.00000,
,,,0.000040390000,  -0.80000,
,,,0.000040400000,  -0.80000,
,,,0.000040410000,  -1.00000,
,,,0.000040420000,  -1.20000,
,,,0.000040430000,  -0.80000,
,,,0.000040440000,  -1.00000,
,,,0.000040450000,  -0.80000,
,,,0.000040460000,  -0.60000,
,,,0.000040470000,  -1.00000,
,,,0.000040480000,  -0.60000,
,,,0.000040490000,  -0.40000,
,,,0.000040500000,  -0.80000,
,,,0.000040510000,  -0.60000,
,,,0.000040520000,  -0.40000,
,,,0.000040530000,  -0.20000,
,,,0.000040540000,   0.20000,
,,,0.000040550000,   0.20000,
,,,0.000040560000,   0.40000,
,,,0.000040570000,   0.40000,
,,,0.000040580000,   0.40000,
,,,0.000040590000,   0.40000,
,,,0.000040600000,   0.60000,
,,,0.000040610000,   0.80000,
,,,0.000040620000,   0.40000,
,,,0.000040630000,   0.60000,
,,,0.000040640000,   1.00000,
,,,0.000040650000,   0.80000,
,,,0.000040660000,   0.60000,
,,,0.000040670000,   0.40000,
,,,0.000040680000,   0.80000,
,,,0.000040690000,   0.60000,
,,,0.000040700000,   0.60000,
,,,0.000040710000,   0.40000,
,,,0.000040720000,   0.00000,
,,,0.000040730000,   0.20000,
,,,0.000040740000,  -0.20000,
,,,0.000040750000,  -0.60000,
,,,0.000040760000,  -0.80000,
,,,0.000040770000,  -1.20000,
,,,0.000040780000,  -1.20000,
,,,0.000040790000,  -1.40000,
,,,0.000040800000,  -1.60000,
,,,0.000040810000,  -1.60000,
,,,0.000040820000,  -1.80000,
,,,0.000040830000,  -1.80000,
,,,0.000040840000,  -2.00000,
,,,0.000040850000,  -2.00000,
,,,0.000040860000,  -2.00000,
,,,0.000040870000,  -2.20000,
,,,0.000040880000,  -2.20000,
,,,0.000040890000,  -1.80000,
,,,0.000040900000,  -1.60000,
,,,0.000040910000,  -1.20000,
,,,0.000040920000,  -1.20000,
,,,0.000040930000,  -1.00000,
,,,0.000040940000,   0.00000,
,,,0.000040950000,   0.20000,
,,,0.000040960000,   0.80000,
,,,0.000040970000,   1.00000,
,,,0.000040980000,   1.40000,
,,,0.000040990000,   1.60000,
,,,0.000041000000,   2.40000,
,,,0.000041010000,   2.00000,
,,,0.000041020000,   2.40000,
,,,0.000041030000,   2.40000,
,,,0.000041040000,   2.60000,
,,,0.000041050000,   2.60000,
,,,0.000041060000,   2.20000,
,,,0.000041070000,   2.20000,
,,,0.000041080000,   2.00000,
,,,0.000041090000,   1.80000,
,,,0.000041100000,   1.40000,
,,,0.000041110000,   1.00000,
,,,0.000041120000,   0.60000,
,,,0.000041130000,   0.00000,
,,,0.000041140000,  -0.20000,
,,,0.000041150000,  -0.80000,
,,,0.000041160000,  -1.80000,
,,,0.000041170000,  -2.00000,
,,,0.000041180000,  -2.20000,
,,,0.000041190000,  -2.60000,
,,,0.000041200000,  -3.00000,
,,,0.000041210000,  -3.20000,
,,,0.000041220000,  -3.40000,
,,,0.000041230000,  -3.20000,
,,,0.000041240000,  -3.40000,
,,,0.000041250000,  -3.20000,
,,,0.000041260000,  -3.00000,
,,,0.000041270000,  -2.80000,
,,,0.000041280000,  -2.40000,
,,,0.000041290000,  -2.20000,
,,,0.000041300000,  -2.00000,
,,,0.000041310000,  -1.60000,
,,,0.000041320000,  -1.20000,
,,,0.000041330000,  -1.00000,
,,,0.000041340000,  -0.20000,
,,,0.000041350000,   0.40000,
,,,0.000041360000,   0.40000,
,,,0.000041370000,   0.80000,
,,,0.000041380000,   1.40000,
,,,0.000041390000,   1.60000,
,,,0.000041400000,   1.60000,
,,,0.000041410000,   1.80000,
,,,0.000041420000,   2.20000,
,,,0.000041430000,   2.20000,
,,,0.000041440000,   2.20000,
,,,0.000041450000,   2.00000,
,,,0.000041460000,   1.60000,
,,,0.000041470000,   1.40000,
,,,0.000041480000,   1.40000,
,,,0.000041490000,   0.80000,
,,,0.000041500000,   1.00000,
,,,0.000041510000,   0.20000,
,,,0.000041520000,   0.60000,
,,,0.000041530000,   0.20000,
,,,0.000041540000,  -0.20000,
,,,0.000041550000,  -0.20000,
,,,0.000041560000,  -0.80000,
,,,0.000041570000,  -0.60000,
,,,0.000041580000,  -1.00000,
,,,0.000041590000,  -1.00000,
,,,0.000041600000,  -1.20000,
,,,0.000041610000,  -1.60000,
,,,0.000041620000,  -1.80000,
,,,0.000041630000,  -1.40000,
,,,0.000041640000,  -1.40000,
,,,0.000041650000,  -1.20000,
,,,0.000041660000,  -1.40000,
,,,0.000041670000,  -1.20000,
,,,0.000041680000,  -1.00000,
,,,0.000041690000,  -0.60000,
,,,0.000041700000,  -0.80000,
,,,0.000041710000,  -0.60000,
,,,0.000041720000,  -0.60000,
,,,0.000041730000,  -0.60000,
,,,0.000041740000,  -0.20000,
,,,0.000041750000,   0.00000,
,,,0.000041760000,  -0.20000,
,,,0.000041770000,   0.20000,
,,,0.000041780000,   0.20000,
,,,0.000041790000,   0.00000,
,,,0.000041800000,   0.20000,
,,,0.000041810000,   0.20000,
,,,0.000041820000,   0.20000,
,,,0.000041830000,   0.20000,
,,,0.000041840000,   0.00000,
,,,0.000041850000,   0.20000,
,,,0.000041860000,   0.00000,
,,,0.000041870000,   0.20000,
,,,0.000041880000,  -0.20000,
,,,0.000041890000,   0.00000,
,,,0.000041900000,   0.00000,
,,,0.000041910000,  -0.40000,
,,,0.000041920000,  -0.20000,
,,,0.000041930000,  -0.40000,
,,,0.000041940000,  -0.40000,
,,,0.000041950000,  -0.20000,
,,,0.000041960000,  -0.20000,
,,,0.000041970000,  -0.40000,
,,,0.000041980000,  -0.60000,
,,,0.000041990000,  -0.60000,
,,,0.000042000000,  -0.80000,
,,,0.000042010000,  -0.60000,
,,,0.000042020000,  -0.20000,
,,,0.000042030000,  -0.60000,
,,,0.000042040000,  -0.20000,
,,,0.000042050000,  -0.20000,
,,,0.000042060000,  -0.20000,
,,,0.000042070000,  -0.40000,
,,,0.000042080000,  -0.20000,
,,,0.000042090000,  -0.20000,
,,,0.000042100000,  -0.20000,
,,,0.000042110000,   0.00000,
,,,0.000042120000,  -0.40000,
,,,0.000042130000,  -0.20000,
,,,0.000042140000,  -0.20000,
,,,0.000042150000,  -0.40000,
,,,0.000042160000,  -0.20000,
,,,0.000042170000,   0.00000,
,,,0.000042180000,  -0.20000,
,,,0.000042190000,  -0.20000,
,,,0.000042200000,  -0.20000,
,,,0.000042210000,  -0.60000,
,,,0.000042220000,  -0.20000,
,,,0.000042230000,  -0.40000,
,,,0.000042240000,  -0.60000,
,,,0.000042250000,  -0.60000,
,,,0.000042260000,  -0.40000,
,,,0.000042270000,  -0.60000,
,,,0.000042280000,  -0.60000,
,,,0.000042290000,  -0.40000,
,,,0.000042300000,  -0.80000,
,,,0.000042310000,  -0.40000,
,,,0.000042320000,  -0.60000,
,,,0.000042330000,  -0.40000,
,,,0.000042340000,  -0.60000,
,,,0.000042350000,  -0.80000,
,,,0.000042360000,  -0.60000,
,,,0.000042370000,  -0.60000,
,,,0.000042380000,  -0.40000,
,,,0.000042390000,  -0.20000,
,,,0.000042400000,  -0.40000,
,,,0.000042410000,  -0.40000,
,,,0.000042420000,  -0.20000,
,,,0.000042430000,  -0.20000,
,,,0.000042440000,   0.00000,
,,,0.000042450000,  -0.40000,
,,,0.000042460000,   0.00000,
,,,0.000042470000,   0.00000,
,,,0.000042480000,   0.00000,
,,,0.000042490000,   0.00000,
,,,0.000042500000,  -0.60000,
,,,0.000042510000,   0.20000,
,,,0.000042520000,   0.00000,
,,,0.000042530000,   0.00000,
,,,0.000042540000,   0.00000,
,,,0.000042550000,   0.00000,
,,,0.000042560000,   0.00000,
,,,0.000042570000,  -0.20000,
,,,0.000042580000,   0.00000,
,,,0.000042590000,   0.00000,
,,,0.000042600000,  -0.40000,
,,,0.000042610000,   0.00000,
,,,0.000042620000,  -0.20000,
,,,0.000042630000,  -0.40000,
,,,0.000042640000,  -0.60000,
,,,0.000042650000,  -0.40000,
,,,0.000042660000,  -0.80000,
,,,0.000042670000,  -0.40000,
,,,0.000042680000,  -0.40000,
,,,0.000042690000,  -0.60000,
,,,0.000042700000,  -0.60000,
,,,0.000042710000,  -0.60000,
,,,0.000042720000,  -0.60000,
,,,0.000042730000,  -0.80000,
,,,0.000042740000,  -0.60000,
,,,0.000042750000,  -0.40000,
,,,0.000042760000,  -0.60000,
,,,0.000042770000,  -0.40000,
,,,0.000042780000,  -0.20000,
,,,0.000042790000,  -0.40000,
,,,0.000042800000,  -0.60000,
,,,0.000042810000,  -0.60000,
,,,0.000042820000,  -0.20000,
,,,0.000042830000,  -0.40000,
,,,0.000042840000,  -0.40000,
,,,0.000042850000,  -0.20000,
,,,0.000042860000,   0.00000,
,,,0.000042870000,   0.20000,
,,,0.000042880000,   0.00000,
,,,0.000042890000,   0.00000,
,,,0.000042900000,   0.20000,
,,,0.000042910000,  -0.20000,
,,,0.000042920000,   0.20000,
,,,0.000042930000,   0.40000,
,,,0.000042940000,   0.00000,
,,,0.000042950000,   0.20000,
,,,0.000042960000,  -0.40000,
,,,0.000042970000,  -0.40000,
,,,0.000042980000,  -0.20000,
,,,0.000042990000,  -0.20000,
,,,0.000043000000,  -0.20000,
,,,0.000043010000,  -0.20000,
,,,0.000043020000,  -0.40000,
,,,0.000043030000,  -0.40000,
,,,0.000043040000,  -0.60000,
,,,0.000043050000,  -0.60000,
,,,0.000043060000,  -0.80000,
,,,0.000043070000,  -0.80000,
,,,0.000043080000,  -0.80000,
,,,0.000043090000,  -0.60000,
,,,0.000043100000,  -0.80000,
,,,0.000043110000,  -1.00000,
,,,0.000043120000,  -1.00000,
,,,0.000043130000,  -0.80000,
,,,0.000043140000,  -1.20000,
,,,0.000043150000,  -0.60000,
,,,0.000043160000,  -0.80000,
,,,0.000043170000,  -0.60000,
,,,0.000043180000,  -0.60000,
,,,0.000043190000,  -0.60000,
,,,0.000043200000,  -0.40000,
,,,0.000043210000,  -0.20000,
,,,0.000043220000,   0.00000,
,,,0.000043230000,  -0.20000,
,,,0.000043240000,  -0.20000,
,,,0.000043250000,  -0.20000,
,,,0.000043260000,   0.20000,
,,,0.000043270000,   0.20000,
,,,0.000043280000,   0.40000,
,,,0.000043290000,   0.20000,
,,,0.000043300000,   0.40000,
,,,0.000043310000,   0.60000,
,,,0.000043320000,   0.40000,
,,,0.000043330000,   0.60000,
,,,0.000043340000,   0.20000,
,,,0.000043350000,   0.40000,
,,,0.000043360000,   0.20000,
,,,0.000043370000,   0.00000,
,,,0.000043380000,   0.40000,
,,,0.000043390000,   0.20000,
,,,0.000043400000,   0.00000,
,,,0.000043410000,   0.20000,
,,,0.000043420000,   0.00000,
,,,0.000043430000,  -0.40000,
,,,0.000043440000,  -0.60000,
,,,0.000043450000,  -0.60000,
,,,0.000043460000,  -0.60000,
,,,0.000043470000,  -1.20000,
,,,0.000043480000,  -1.00000,
,,,0.000043490000,  -1.20000,
,,,0.000043500000,  -1.40000,
,,,0.000043510000,  -1.20000,
,,,0.000043520000,  -1.40000,
,,,0.000043530000,  -1.60000,
,,,0.000043540000,  -1.40000,
,,,0.000043550000,  -1.20000,
,,,0.000043560000,  -1.60000,
,,,0.000043570000,  -1.00000,
,,,0.000043580000,  -1.00000,
,,,0.000043590000,  -1.20000,
,,,0.000043600000,  -0.80000,
,,,0.000043610000,  -0.60000,
,,,0.000043620000,  -0.20000,
,,,0.000043630000,   0.00000,
,,,0.000043640000,   0.00000,
,,,0.000043650000,   0.40000,
,,,0.000043660000,   0.80000,
,,,0.000043670000,   1.20000,
,,,0.000043680000,   1.20000,
,,,0.000043690000,   1.40000,
,,,0.000043700000,   1.60000,
,,,0.000043710000,   1.60000,
,,,0.000043720000,   1.40000,
,,,0.000043730000,   1.60000,
,,,0.000043740000,   1.60000,
,,,0.000043750000,   1.40000,
,,,0.000043760000,   1.00000,
,,,0.000043770000,   1.20000,
,,,0.000043780000,   0.80000,
,,,0.000043790000,   0.80000,
,,,0.000043800000,   0.60000,
,,,0.000043810000,   0.00000,
,,,0.000043820000,  -0.40000,
,,,0.000043830000,  -0.80000,
,,,0.000043840000,  -1.00000,
,,,0.000043850000,  -1.40000,
,,,0.000043860000,  -1.80000,
,,,0.000043870000,  -2.20000,
,,,0.000043880000,  -2.00000,
,,,0.000043890000,  -2.40000,
,,,0.000043900000,  -2.60000,
,,,0.000043910000,  -2.40000,
,,,0.000043920000,  -2.40000,
,,,0.000043930000,  -2.40000,
,,,0.000043940000,  -2.40000,
,,,0.000043950000,  -2.00000,
,,,0.000043960000,  -1.80000,
,,,0.000043970000,  -1.80000,
,,,0.000043980000,  -1.60000,
,,,0.000043990000,  -1.20000,
,,,0.000044000000,  -0.80000,
,,,0.000044010000,  -0.60000,
,,,0.000044020000,  -0.40000,
,,,0.000044030000,  -0.20000,
,,,0.000044040000,   0.40000,
,,,0.000044050000,   0.60000,
,,,0.000044060000,   0.80000,
,,,0.000044070000,   1.00000,
,,,0.000044080000,   1.40000,
,,,0.000044090000,   1.20000,
,,,0.000044100000,   1.60000,
,,,0.000044110000,   1.40000,
,,,0.000044120000,   1.00000,
,,,0.000044130000,   1.20000,
,,,0.000044140000,   1.40000,
,,,0.000044150000,   1.00000,
,,,0.000044160000,   0.80000,
,,,0.000044170000,   0.80000,
,,,0.000044180000,   0.80000,
,,,0.000044190000,   0.60000,
,,,0.000044200000,   0.20000,
,,,0.000044210000,   0.00000,
,,,0.000044220000,   0.00000,
,,,0.000044230000,  -0.80000,
,,,0.000044240000,  -0.40000,
,,,0.000044250000,  -0.80000,
,,,0.000044260000,  -1.00000,
,,,0.000044270000,  -1.00000,
,,,0.000044280000,  -1.00000,
,,,0.000044290000,  -1.00000,
,,,0.000044300000,  -1.20000,
,,,0.000044310000,  -1.00000,
,,,0.000044320000,  -0.80000,
,,,0.000044330000,  -1.40000,
,,,0.000044340000,  -1.20000,
,,,0.000044350000,  -0.80000,
,,,0.000044360000,  -0.80000,
,,,0.000044370000,  -0.60000,
,,,0.000044380000,  -0.80000,
,,,0.000044390000,  -0.20000,
,,,0.000044400000,  -0.40000,
,,,0.000044410000,  -0.20000,
,,,0.000044420000,  -0.40000,
,,,0.000044430000,  -0.40000,
,,,0.000044440000,  -0.20000,
,,,0.000044450000,  -0.20000,
,,,0.000044460000,  -0.20000,
,,,0.000044470000,  -0.20000,
,,,0.000044480000,  -0.20000,
,,,0.000044490000,   0.00000,
,,,0.000044500000,   0.20000,
,,,0.000044510000,  -0.20000,
,,,0.000044520000,   0.20000,
,,,0.000044530000,  -0.40000,
,,,0.000044540000,  -0.20000,
,,,0.000044550000,  -0.60000,
,,,0.000044560000,   0.00000,
,,,0.000044570000,  -0.20000,
,,,0.000044580000,  -0.40000,
,,,0.000044590000,  -0.40000,
,,,0.000044600000,  -0.40000,
,,,0.000044610000,  -0.60000,
,,,0.000044620000,  -0.40000,
,,,0.000044630000,  -0.40000,
,,,0.000044640000,  -0.60000,
,,,0.000044650000,  -0.60000,
,,,0.000044660000,  -0.40000,
,,,0.000044670000,  -0.20000,
,,,0.000044680000,  -0.20000,
,,,0.000044690000,  -0.40000,
,,,0.000044700000,  -0.40000,
,,,0.000044710000,  -0.60000,
,,,0.000044720000,  -0.40000,
,,,0.000044730000,  -0.20000,
,,,0.000044740000,   0.00000,
,,,0.000044750000,  -0.20000,
,,,0.000044760000,   0.00000,
,,,0.000044770000,   0.00000,
,,,0.000044780000,  -0.20000,
,,,0.000044790000,  -0.20000,
,,,0.000044800000,  -0.20000,
,,,0.000044810000,  -0.40000,
,,,0.000044820000,  -0.20000,
,,,0.000044830000,  -0.20000,
,,,0.000044840000,  -0.20000,
,,,0.000044850000,  -0.20000,
,,,0.000044860000,  -0.20000,
,,,0.000044870000,   0.00000,
,,,0.000044880000,  -0.20000,
,,,0.000044890000,  -0.20000,
,,,0.000044900000,  -0.20000,
,,,0.000044910000,  -0.40000,
,,,0.000044920000,  -0.40000,
,,,0.000044930000,  -0.40000,
,,,0.000044940000,  -1.00000,
,,,0.000044950000,  -1.00000,
,,,0.000044960000,  -0.40000,
,,,0.000044970000,  -0.80000,
,,,0.000044980000,  -0.60000,
,,,0.000044990000,  -1.00000,
,,,0.000045000000,  -0.80000,
,,,0.000045010000,  -0.80000,
,,,0.000045020000,  -0.40000,
,,,0.000045030000,  -0.40000,
,,,0.000045040000,  -0.60000,
,,,0.000045050000,  -0.60000,
,,,0.000045060000,  -0.60000,
,,,0.000045070000,  -0.20000,
,,,0.000045080000,  -0.40000,
,,,0.000045090000,  -0.40000,
,,,0.000045100000,  -0.20000,
,,,0.000045110000,  -0.20000,
,,,0.000045120000,  -0.20000,
,,,0.000045130000,  -0.20000,
,,,0.000045140000,   0.00000,
,,,0.000045150000,   0.20000,
,,,0.000045160000,   0.00000,
,,,0.000045170000,   0.20000,
,,,0.000045180000,   0.00000,
,,,0.000045190000,   0.00000,
,,,0.000045200000,   0.00000,
,,,0.000045210000,   0.00000,
,,,0.000045220000,  -0.20000,
,,,0.000045230000,   0.00000,
,,,0.000045240000,   0.00000,
,,,0.000045250000,   0.00000,
,,,0.000045260000,  -0.20000,
,,,0.000045270000,  -0.20000,
,,,0.000045280000,  -0.20000,
,,,0.000045290000,  -0.20000,
,,,0.000045300000,  -0.40000,
,,,0.000045310000,   0.00000,
,,,0.000045320000,  -0.40000,
,,,0.000045330000,  -0.40000,
,,,0.000045340000,  -0.20000,
,,,0.000045350000,  -0.40000,
,,,0.000045360000,  -0.40000,
,,,0.000045370000,  -0.60000,
,,,0.000045380000,  -0.60000,
,,,0.000045390000,  -0.40000,
,,,0.000045400000,  -0.60000,
,,,0.000045410000,  -0.40000,
,,,0.000045420000,  -0.60000,
,,,0.000045430000,  -0.60000,
,,,0.000045440000,  -0.40000,
,,,0.000045450000,  -0.60000,
,,,0.000045460000,  -0.20000,
,,,0.000045470000,  -0.60000,
,,,0.000045480000,  -0.40000,
,,,0.000045490000,  -0.40000,
,,,0.000045500000,  -0.40000,
,,,0.000045510000,  -0.20000,
,,,0.000045520000,  -0.40000,
,,,0.000045530000,  -0.20000,
,,,0.000045540000,  -0.40000,
,,,0.000045550000,  -0.20000,
,,,0.000045560000,   0.00000,
,,,0.000045570000,  -0.20000,
,,,0.000045580000,   0.20000,
,,,0.000045590000,   0.00000,
,,,0.000045600000,  -0.20000,
,,,0.000045610000,  -0.20000,
,,,0.000045620000,  -0.20000,
,,,0.000045630000,   0.00000,
,,,0.000045640000,  -0.20000,
,,,0.000045650000,  -0.20000,
,,,0.000045660000,  -0.20000,
,,,0.000045670000,  -0.20000,
,,,0.000045680000,  -0.40000,
,,,0.000045690000,  -0.20000,
,,,0.000045700000,  -0.40000,
,,,0.000045710000,  -0.60000,
,,,0.000045720000,  -0.40000,
,,,0.000045730000,  -0.20000,
,,,0.000045740000,  -0.60000,
,,,0.000045750000,  -0.80000,
,,,0.000045760000,  -0.40000,
,,,0.000045770000,  -0.80000,
,,,0.000045780000,  -0.80000,
,,,0.000045790000,  -0.60000,
,,,0.000045800000,  -0.60000,
,,,0.000045810000,  -0.60000,
,,,0.000045820000,  -0.80000,
,,,0.000045830000,  -0.60000,
,,,0.000045840000,  -0.80000,
,,,0.000045850000,  -0.40000,
,,,0.000045860000,  -0.40000,
,,,0.000045870000,  -0.60000,
,,,0.000045880000,  -0.20000,
,,,0.000045890000,  -0.20000,
,,,0.000045900000,  -0.20000,
,,,0.000045910000,  -0.20000,
,,,0.000045920000,  -0.20000,
,,,0.000045930000,  -0.40000,
,,,0.000045940000,  -0.40000,
,,,0.000045950000,  -0.20000,
,,,0.000045960000,  -0.20000,
,,,0.000045970000,   0.00000,
,,,0.000045980000,   0.00000,
,,,0.000045990000,  -0.20000,
,,,0.000046000000,   0.20000,
,,,0.000046010000,   0.20000,
,,,0.000046020000,   0.20000,
,,,0.000046030000,   0.40000,
,,,0.000046040000,   0.00000,
,,,0.000046050000,   0.40000,
,,,0.000046060000,   0.00000,
,,,0.000046070000,   0.20000,
,,,0.000046080000,   0.00000,
,,,0.000046090000,  -0.40000,
,,,0.000046100000,   0.20000,
,,,0.000046110000,  -0.20000,
,,,0.000046120000,  -0.40000,
,,,0.000046130000,  -0.60000,
,,,0.000046140000,  -0.60000,
,,,0.000046150000,  -0.60000,
,,,0.000046160000,  -0.80000,
,,,0.000046170000,  -0.80000,
,,,0.000046180000,  -0.60000,
,,,0.000046190000,  -0.80000,
,,,0.000046200000,  -1.00000,
,,,0.000046210000,  -1.20000,
,,,0.000046220000,  -1.20000,
,,,0.000046230000,  -1.20000,
,,,0.000046240000,  -1.20000,
,,,0.000046250000,  -1.00000,
,,,0.000046260000,  -1.00000,
,,,0.000046270000,  -1.00000,
,,,0.000046280000,  -0.80000,
,,,0.000046290000,  -0.40000,
,,,0.000046300000,  -0.40000,
,,,0.000046310000,  -0.40000,
,,,0.000046320000,   0.00000,
,,,0.000046330000,   0.00000,
,,,0.000046340000,   0.40000,
,,,0.000046350000,   0.80000,
,,,0.000046360000,   0.60000,
,,,0.000046370000,   1.00000,
,,,0.000046380000,   1.00000,
,,,0.000046390000,   1.00000,
,,,0.000046400000,   1.20000,
,,,0.000046410000,   0.80000,
,,,0.000046420000,   1.00000,
,,,0.000046430000,   1.20000,
,,,0.000046440000,   0.80000,
,,,0.000046450000,   0.80000,
,,,0.000046460000,   0.40000,
,,,0.000046470000,   0.60000,
,,,0.000046480000,   0.00000,
,,,0.000046490000,   0.00000,
,,,0.000046500000,   0.00000,
,,,0.000046510000,  -0.80000,
,,,0.000046520000,  -0.80000,
,,,0.000046530000,  -1.00000,
,,,0.000046540000,  -1.20000,
,,,0.000046550000,  -1.60000,
,,,0.000046560000,  -1.60000,
,,,0.000046570000,  -1.40000,
,,,0.000046580000,  -1.80000,
,,,0.000046590000,  -1.80000,
,,,0.000046600000,  -2.00000,
,,,0.000046610000,  -1.80000,
,,,0.000046620000,  -1.80000,
,,,0.000046630000,  -1.80000,
,,,0.000046640000,  -1.40000,
,,,0.000046650000,  -1.20000,
,,,0.000046660000,  -1.20000,
,,,0.000046670000,  -1.20000,
,,,0.000046680000,  -1.00000,
,,,0.000046690000,  -0.60000,
,,,0.000046700000,  -0.60000,
,,,0.000046710000,  -0.60000,
,,,0.000046720000,   0.20000,
,,,0.000046730000,   0.20000,
,,,0.000046740000,   0.60000,
,,,0.000046750000,   0.60000,
,,,0.000046760000,   0.60000,
,,,0.000046770000,   0.80000,
,,,0.000046780000,   0.80000,
,,,0.000046790000,   1.00000,
,,,0.000046800000,   1.00000,
,,,0.000046810000,   0.80000,
,,,0.000046820000,   0.80000,
,,,0.000046830000,   1.00000,
,,,0.000046840000,   0.80000,
,,,0.000046850000,   0.60000,
,,,0.000046860000,   0.40000,
,,,0.000046870000,   0.60000,
,,,0.000046880000,   0.20000,
,,,0.000046890000,   0.20000,
,,,0.000046900000,   0.00000,
,,,0.000046910000,  -0.40000,
,,,0.000046920000,  -0.80000,
,,,0.000046930000,  -0.80000,
,,,0.000046940000,  -0.80000,
,,,0.000046950000,  -0.80000,
,,,0.000046960000,  -0.80000,
,,,0.000046970000,  -0.80000,
,,,0.000046980000,  -0.80000,
,,,0.000046990000,  -0.60000,
,,,0.000047000000,  -1.00000,
,,,0.000047010000,  -0.80000,
,,,0.000047020000,  -1.00000,
,,,0.000047030000,  -0.80000,
,,,0.000047040000,  -0.60000,
,,,0.000047050000,  -0.60000,
,,,0.000047060000,  -0.40000,
,,,0.000047070000,  -0.60000,
,,,0.000047080000,  -0.20000,
,,,0.000047090000,  -0.40000,
,,,0.000047100000,  -0.60000,
,,,0.000047110000,  -0.20000,
,,,0.000047120000,  -0.20000,
,,,0.000047130000,  -0.20000,
,,,0.000047140000,  -0.20000,
,,,0.000047150000,  -0.20000,
,,,0.000047160000,  -0.20000,
,,,0.000047170000,   0.00000,
,,,0.000047180000,   0.00000,
,,,0.000047190000,   0.00000,
,,,0.000047200000,  -0.20000,
,,,0.000047210000,   0.00000,
,,,0.000047220000,  -0.60000,
,,,0.000047230000,  -0.20000,
,,,0.000047240000,  -0.40000,
,,,0.000047250000,  -0.40000,
,,,0.000047260000,  -0.40000,
,,,0.000047270000,  -0.60000,
,,,0.000047280000,  -0.60000,
,,,0.000047290000,   0.00000,
,,,0.000047300000,  -0.60000,
,,,0.000047310000,  -0.40000,
,,,0.000047320000,  -0.40000,
,,,0.000047330000,  -0.40000,
,,,0.000047340000,  -0.60000,
,,,0.000047350000,  -0.40000,
,,,0.000047360000,  -0.40000,
,,,0.000047370000,  -0.20000,
,,,0.000047380000,  -0.60000,
,,,0.000047390000,  -0.20000,
,,,0.000047400000,  -0.40000,
,,,0.000047410000,  -0.20000,
,,,0.000047420000,  -0.20000,
,,,0.000047430000,  -0.40000,
,,,0.000047440000,   0.00000,
,,,0.000047450000,  -0.40000,
,,,0.000047460000,  -0.20000,
,,,0.000047470000,   0.00000,
,,,0.000047480000,   0.00000,
,,,0.000047490000,   0.00000,
,,,0.000047500000,  -0.20000,
,,,0.000047510000,  -0.20000,
,,,0.000047520000,  -0.40000,
,,,0.000047530000,   0.00000,
,,,0.000047540000,   0.00000,
,,,0.000047550000,  -0.40000,
,,,0.000047560000,   0.00000,
,,,0.000047570000,  -0.20000,
,,,0.000047580000,  -0.40000,
,,,0.000047590000,  -0.20000,
,,,0.000047600000,  -0.40000,
,,,0.000047610000,  -0.40000,
,,,0.000047620000,  -0.40000,
,,,0.000047630000,  -0.60000,
,,,0.000047640000,  -0.40000,
,,,0.000047650000,  -0.40000,
,,,0.000047660000,  -0.60000,
,,,0.000047670000,  -0.60000,
,,,0.000047680000,  -0.60000,
,,,0.000047690000,  -0.40000,
,,,0.000047700000,  -0.40000,
,,,0.000047710000,  -0.40000,
,,,0.000047720000,  -0.20000,
,,,0.000047730000,  -0.60000,
,,,0.000047740000,  -0.60000,
,,,0.000047750000,  -0.40000,
,,,0.000047760000,  -0.60000,
,,,0.000047770000,  -0.40000,
,,,0.000047780000,  -0.60000,
,,,0.000047790000,  -0.20000,
,,,0.000047800000,  -0.40000,
,,,0.000047810000,   0.00000,
,,,0.000047820000,  -0.20000,
,,,0.000047830000,   0.20000,
,,,0.000047840000,   0.00000,
,,,0.000047850000,  -0.40000,
,,,0.000047860000,  -0.20000,
,,,0.000047870000,   0.00000,
,,,0.000047880000,   0.00000,
,,,0.000047890000,   0.20000,
,,,0.000047900000,   0.00000,
,,,0.000047910000,  -0.20000,
,,,0.000047920000,  -0.20000,
,,,0.000047930000,   0.00000,
,,,0.000047940000,  -0.40000,
,,,0.000047950000,  -0.20000,
,,,0.000047960000,   0.00000,
,,,0.000047970000,  -0.20000,
,,,0.000047980000,  -0.40000,
,,,0.000047990000,  -0.40000,
,,,0.000048000000,  -0.40000,
,,,0.000048010000,  -0.40000,
,,,0.000048020000,  -0.40000,
,,,0.000048030000,  -0.40000,
,,,0.000048040000,  -0.40000,
,,,0.000048050000,  -0.40000,
,,,0.000048060000,  -0.60000,
,,,0.000048070000,  -0.40000,
,,,0.000048080000,  -0.60000,
,,,0.000048090000,  -1.00000,
,,,0.000048100000,  -0.60000,
,,,0.000048110000,  -0.60000,
,,,0.000048120000,  -0.60000,
,,,0.000048130000,  -0.60000,
,,,0.000048140000,  -0.60000,
,,,0.000048150000,   0.00000,
,,,0.000048160000,  -0.40000,
,,,0.000048170000,  -0.40000,
,,,0.000048180000,  -0.20000,
,,,0.000048190000,  -0.60000,
,,,0.000048200000,   0.00000,
,,,0.000048210000,  -0.40000,
,,,0.000048220000,   0.20000,
,,,0.000048230000,   0.20000,
,,,0.000048240000,   0.20000,
,,,0.000048250000,  -0.20000,
,,,0.000048260000,   0.00000,
,,,0.000048270000,   0.00000,
,,,0.000048280000,   0.00000,
,,,0.000048290000,  -0.40000,
,,,0.000048300000,  -0.20000,
,,,0.000048310000,  -0.20000,
,,,0.000048320000,   0.00000,
,,,0.000048330000,   0.00000,
,,,0.000048340000,  -0.20000,
,,,0.000048350000,  -0.20000,
,,,0.000048360000,   0.00000,
,,,0.000048370000,  -0.40000,
,,,0.000048380000,  -0.20000,
,,,0.000048390000,  -0.40000,
,,,0.000048400000,  -0.60000,
,,,0.000048410000,  -0.40000,
,,,0.000048420000,  -0.60000,
,,,0.000048430000,  -0.40000,
,,,0.000048440000,  -0.60000,
,,,0.000048450000,  -0.40000,
,,,0.000048460000,  -0.40000,
,,,0.000048470000,  -0.60000,
,,,0.000048480000,  -0.40000,
,,,0.000048490000,  -1.00000,
,,,0.000048500000,  -0.60000,
,,,0.000048510000,  -0.80000,
,,,0.000048520000,  -0.60000,
,,,0.000048530000,  -0.60000,
,,,0.000048540000,  -0.40000,
,,,0.000048550000,  -0.40000,
,,,0.000048560000,  -0.40000,
,,,0.000048570000,  -0.60000,
,,,0.000048580000,  -0.40000,
,,,0.000048590000,  -0.40000,
,,,0.000048600000,  -0.20000,
,,,0.000048610000,  -0.20000,
,,,0.000048620000,   0.00000,
,,,0.000048630000,  -0.20000,
,,,0.000048640000,   0.00000,
,,,0.000048650000,  -0.20000,
,,,0.000048660000,   0.20000,
,,,0.000048670000,  -0.20000,
,,,0.000048680000,   0.00000,
,,,0.000048690000,  -0.40000,
,,,0.000048700000,   0.00000,
,,,0.000048710000,  -0.20000,
,,,0.000048720000,  -0.20000,
,,,0.000048730000,  -0.20000,
,,,0.000048740000,  -0.20000,
,,,0.000048750000,  -0.20000,
,,,0.000048760000,  -0.20000,
,,,0.000048770000,  -0.20000,
,,,0.000048780000,  -0.40000,
,,,0.000048790000,  -0.40000,
,,,0.000048800000,  -0.40000,
,,,0.000048810000,  -0.40000,
,,,0.000048820000,  -0.20000,
,,,0.000048830000,  -0.40000,
,,,0.000048840000,  -0.80000,
,,,0.000048850000,  -0.60000,
,,,0.000048860000,  -0.60000,
,,,0.000048870000,  -0.80000,
,,,0.000048880000,  -0.80000,
,,,0.000048890000,  -1.00000,
,,,0.000048900000,  -1.00000,
,,,0.000048910000,  -1.20000,
,,,0.000048920000,  -0.80000,
,,,0.000048930000,  -1.00000,
,,,0.000048940000,  -0.80000,
,,,0.000048950000,  -0.80000,
,,,0.000048960000,  -0.80000,
,,,0.000048970000,  -0.60000,
,,,0.000048980000,  -0.60000,
,,,0.000048990000,  -0.40000,
,,,0.000049000000,  -0.40000,
,,,0.000049010000,  -0.20000,
,,,0.000049020000,  -0.20000,
,,,0.000049030000,  -0.20000,
,,,0.000049040000,   0.20000,
,,,0.000049050000,   0.40000,
,,,0.000049060000,   0.60000,
,,,0.000049070000,   0.60000,
,,,0.000049080000,   0.40000,
,,,0.000049090000,   0.60000,
,,,0.000049100000,   0.60000,
,,,0.000049110000,   0.80000,
,,,0.000049120000,   0.60000,
,,,0.000049130000,   0.40000,
,,,0.000049140000,   0.40000,
,,,0.000049150000,   0.40000,
,,,0.000049160000,   0.40000,
,,,0.000049170000,   0.00000,
,,,0.000049180000,  -0.20000,
,,,0.000049190000,  -0.20000,
,,,0.000049200000,  -0.60000,
,,,0.000049210000,  -0.60000,
,,,0.000049220000,  -0.60000,
,,,0.000049230000,  -1.00000,
,,,0.000049240000,  -1.00000,
,,,0.000049250000,  -1.40000,
,,,0.000049260000,  -1.20000,
,,,0.000049270000,  -1.60000,
,,,0.000049280000,  -1.60000,
,,,0.000049290000,  -1.60000,
,,,0.000049300000,  -1.20000,
,,,0.000049310000,  -1.00000,
,,,0.000049320000,  -1.20000,
,,,0.000049330000,  -1.20000,
,,,0.000049340000,  -1.00000,
,,,0.000049350000,  -0.80000,
,,,0.000049360000,  -0.60000,
,,,0.000049370000,  -0.60000,
,,,0.000049380000,  -0.60000,
,,,0.000049390000,  -0.20000,
,,,0.000049400000,  -0.20000,
,,,0.000049410000,  -0.20000,
,,,0.000049420000,  -0.20000,
,,,0.000049430000,   0.00000,
,,,0.000049440000,   0.40000,
,,,0.000049450000,   0.40000,
,,,0.000049460000,   0.40000,
,,,0.000049470000,   0.80000,
,,,0.000049480000,   0.60000,
,,,0.000049490000,   0.40000,
,,,0.000049500000,   0.60000,
,,,0.000049510000,   0.60000,
,,,0.000049520000,   0.40000,
,,,0.000049530000,   0.20000,
,,,0.000049540000,   0.20000,
,,,0.000049550000,   0.40000,
,,,0.000049560000,   0.00000,
,,,0.000049570000,   0.00000,
,,,0.000049580000,  -0.20000,
,,,0.000049590000,  -0.40000,
,,,0.000049600000,  -0.20000,
,,,0.000049610000,  -0.60000,
,,,0.000049620000,  -0.40000,
,,,0.000049630000,  -0.40000,
,,,0.000049640000,  -0.60000,
,,,0.000049650000,  -0.80000,
,,,0.000049660000,  -0.80000,
,,,0.000049670000,  -0.60000,
,,,0.000049680000,  -0.80000,
,,,0.000049690000,  -0.40000,
,,,0.000049700000,  -0.60000,
,,,0.000049710000,  -1.00000,
,,,0.000049720000,  -0.40000,
,,,0.000049730000,  -0.60000,
,,,0.000049740000,  -0.40000,
,,,0.000049750000,  -0.60000,
,,,0.000049760000,  -0.20000,
,,,0.000049770000,  -0.40000,
,,,0.000049780000,  -0.40000,
,,,0.000049790000,  -0.20000,
,,,0.000049800000,  -0.20000,
,,,0.000049810000,  -0.20000,
,,,0.000049820000,   0.00000,
,,,0.000049830000,  -0.20000,
,,,0.000049840000,   0.00000,
,,,0.000049850000,   0.00000,
,,,0.000049860000,   0.20000,
,,,0.000049870000,  -0.20000,
,,,0.000049880000,  -0.20000,
,,,0.000049890000,  -0.20000,
,,,0.000049900000,  -0.40000,
,,,0.000049910000,  -0.40000,
,,,0.000049920000,   0.00000,
,,,0.000049930000,  -0.20000,
,,,0.000049940000,  -0.20000,
,,,0.000049950000,  -0.40000,
,,,0.000049960000,  -0.40000,
,,,0.000049970000,  -0.40000,
,,,0.000049980000,  -0.20000,
,,,0.000049990000,  -0.40000,
,,,0.000050000000,  -0.40000,
,,,0.000050010000,  -0.40000,
,,,0.000050020000,  -0.40000,
,,,0.000050030000,  -0.20000,
,,,0.000050040000,  -0.40000,
,,,0.000050050000,  -0.40000,
,,,0.000050060000,  -0.40000,
,,,0.000050070000,  -0.40000,
,,,0.000050080000,  -0.40000,
,,,0.000050090000,  -0.20000,
,,,0.000050100000,  -0.40000,
,,,0.000050110000,  -0.60000,
,,,0.000050120000,  -0.20000,
,,,0.000050130000,   0.00000,
,,,0.000050140000,  -0.40000,
,,,0.000050150000,  -0.20000,
,,,0.000050160000,  -0.20000,
,,,0.000050170000,   0.00000,
,,,0.000050180000,  -0.20000,
,,,0.000050190000,  -0.20000,
,,,0.000050200000,  -0.20000,
,,,0.000050210000,  -0.20000,
,,,0.000050220000,   0.00000,
,,,0.000050230000,  -0.40000,
,,,0.000050240000,  -0.40000,
,,,0.000050250000,  -0.40000,
,,,0.000050260000,  -0.20000,
,,,0.000050270000,  -0.60000,
,,,0.000050280000,  -0.40000,
,,,0.000050290000,  -0.40000,
,,,0.000050300000,  -0.40000,
,,,0.000050310000,  -0.20000,
,,,0.000050320000,  -0.60000,
,,,0.000050330000,  -0.60000,
,,,0.000050340000,  -0.40000,
,,,0.000050350000,  -0.60000,
,,,0.000050360000,  -0.60000,
,,,0.000050370000,  -0.80000,
,,,0.000050380000,  -0.40000,
,,,0.000050390000,  -0.40000,
,,,0.000050400000,  -0.60000,
,,,0.000050410000,  -0.60000,
,,,0.000050420000,  -0.60000,
,,,0.000050430000,  -0.40000,
,,,0.000050440000,  -0.20000,
,,,0.000050450000,  -0.40000,
,,,0.000050460000,  -0.20000,
,,,0.000050470000,  -0.20000,
,,,0.000050480000,  -0.40000,
,,,0.000050490000,  -0.20000,
,,,0.000050500000,   0.00000,
,,,0.000050510000,  -0.20000,
,,,0.000050520000,  -0.40000,
,,,0.000050530000,   0.20000,
,,,0.000050540000,   0.00000,
,,,0.000050550000,   0.20000,
,,,0.000050560000,  -0.20000,
,,,0.000050570000,  -0.20000,
,,,0.000050580000,  -0.20000,
,,,0.000050590000,   0.00000,
,,,0.000050600000,  -0.20000,
,,,0.000050610000,   0.00000,
,,,0.000050620000,  -0.20000,
,,,0.000050630000,  -0.20000,
,,,0.000050640000,  -0.40000,
,,,0.000050650000,  -0.40000,
,,,0.000050660000,  -0.20000,
,,,0.000050670000,  -0.20000,
,,,0.000050680000,  -0.40000,
,,,0.000050690000,  -0.40000,
,,,0.000050700000,  -0.40000,
,,,0.000050710000,  -0.60000,
,,,0.000050720000,  -0.40000,
,,,0.000050730000,  -0.40000,
,,,0.000050740000,  -0.40000,
,,,0.000050750000,  -0.60000,
,,,0.000050760000,  -0.60000,
,,,0.000050770000,  -0.80000,
,,,0.000050780000,  -0.20000,
,,,0.000050790000,  -0.40000,
,,,0.000050800000,  -0.20000,
,,,0.000050810000,   0.00000,
,,,0.000050820000,  -0.60000,
,,,0.000050830000,  -0.40000,
,,,0.000050840000,  -0.40000,
,,,0.000050850000,  -0.20000,
,,,0.000050860000,   0.00000,
,,,0.000050870000,  -0.20000,
,,,0.000050880000,  -0.20000,
,,,0.000050890000,  -0.20000,
,,,0.000050900000,  -0.20000,
,,,0.000050910000,  -0.20000,
,,,0.000050920000,   0.00000,
,,,0.000050930000,   0.00000,
,,,0.000050940000,   0.00000,
,,,0.000050950000,  -0.40000,
,,,0.000050960000,  -0.40000,
,,,0.000050970000,  -0.20000,
,,,0.000050980000,  -0.20000,
,,,0.000050990000,  -0.20000,
,,,0.000051000000,  -0.20000,
,,,0.000051010000,  -0.40000,
,,,0.000051020000,  -0.20000,
,,,0.000051030000,  -0.40000,
,,,0.000051040000,  -0.40000,
,,,0.000051050000,   0.00000,
,,,0.000051060000,  -0.60000,
,,,0.000051070000,  -0.40000,
,,,0.000051080000,  -0.40000,
,,,0.000051090000,  -0.40000,
,,,0.000051100000,  -0.40000,
,,,0.000051110000,  -0.40000,
,,,0.000051120000,  -0.60000,
,,,0.000051130000,  -0.40000,
,,,0.000051140000,  -0.20000,
,,,0.000051150000,  -0.40000,
,,,0.000051160000,  -0.40000,
,,,0.000051170000,  -0.40000,
,,,0.000051180000,  -0.40000,
,,,0.000051190000,  -0.40000,
,,,0.000051200000,  -0.20000,
,,,0.000051210000,  -0.40000,
,,,0.000051220000,  -0.40000,
,,,0.000051230000,  -0.40000,
,,,0.000051240000,  -0.20000,
,,,0.000051250000,   0.00000,
,,,0.000051260000,  -0.40000,
,,,0.000051270000,  -0.40000,
,,,0.000051280000,  -0.40000,
,,,0.000051290000,  -0.40000,
,,,0.000051300000,  -0.20000,
,,,0.000051310000,  -0.40000,
,,,0.000051320000,  -0.40000,
,,,0.000051330000,  -0.20000,
,,,0.000051340000,  -0.20000,
,,,0.000051350000,   0.00000,
,,,0.000051360000,  -0.40000,
,,,0.000051370000,  -0.20000,
,,,0.000051380000,  -0.20000,
,,,0.000051390000,  -0.40000,
,,,0.000051400000,  -0.20000,
,,,0.000051410000,  -0.60000,
,,,0.000051420000,   0.00000,
,,,0.000051430000,  -0.40000,
,,,0.000051440000,  -0.40000,
,,,0.000051450000,  -0.20000,
,,,0.000051460000,  -0.40000,
,,,0.000051470000,  -0.40000,
,,,0.000051480000,  -0.20000,
,,,0.000051490000,  -0.20000,
,,,0.000051500000,  -0.40000,
,,,0.000051510000,  -0.80000,
,,,0.000051520000,   0.00000,
,,,0.000051530000,  -0.20000,
,,,0.000051540000,  -0.60000,
,,,0.000051550000,  -0.60000,
,,,0.000051560000,  -0.60000,
,,,0.000051570000,  -0.60000,
,,,0.000051580000,  -0.40000,
,,,0.000051590000,  -0.60000,
,,,0.000051600000,  -0.40000,
,,,0.000051610000,  -1.00000,
,,,0.000051620000,  -0.80000,
,,,0.000051630000,  -0.60000,
,,,0.000051640000,  -0.80000,
,,,0.000051650000,  -0.80000,
,,,0.000051660000,  -0.60000,
,,,0.000051670000,  -0.40000,
,,,0.000051680000,  -0.60000,
,,,0.000051690000,  -0.40000,
,,,0.000051700000,   0.00000,
,,,0.000051710000,  -0.20000,
,,,0.000051720000,   0.00000,
,,,0.000051730000,   0.20000,
,,,0.000051740000,   0.20000,
,,,0.000051750000,   0.40000,
,,,0.000051760000,   0.20000,
,,,0.000051770000,   0.40000,
,,,0.000051780000,   0.60000,
,,,0.000051790000,   0.40000,
,,,0.000051800000,   0.60000,
,,,0.000051810000,   0.20000,
,,,0.000051820000,   0.20000,
,,,0.000051830000,   0.20000,
,,,0.000051840000,   0.40000,
,,,0.000051850000,   0.00000,
,,,0.000051860000,   0.00000,
,,,0.000051870000,   0.00000,
,,,0.000051880000,  -0.40000,
,,,0.000051890000,  -0.40000,
,,,0.000051900000,  -0.40000,
,,,0.000051910000,  -0.40000,
,,,0.000051920000,  -0.80000,
,,,0.000051930000,  -1.00000,
,,,0.000051940000,  -1.00000,
,,,0.000051950000,  -1.00000,
,,,0.000051960000,  -1.00000,
,,,0.000051970000,  -1.20000,
,,,0.000051980000,  -1.40000,
,,,0.000051990000,  -1.20000,
,,,0.000052000000,  -1.00000,
,,,0.000052010000,  -1.00000,
,,,0.000052020000,  -0.80000,
,,,0.000052030000,  -1.00000,
,,,0.000052040000,  -0.60000,
,,,0.000052050000,  -0.80000,
,,,0.000052060000,  -0.40000,
,,,0.000052070000,  -0.40000,
,,,0.000052080000,  -0.20000,
,,,0.000052090000,  -0.20000,
,,,0.000052100000,  -0.20000,
,,,0.000052110000,   0.00000,
,,,0.000052120000,   0.20000,
,,,0.000052130000,   0.40000,
,,,0.000052140000,   0.40000,
,,,0.000052150000,   0.00000,
,,,0.000052160000,   0.20000,
,,,0.000052170000,   0.40000,
,,,0.000052180000,   0.60000,
,,,0.000052190000,   0.00000,
,,,0.000052200000,   0.40000,
,,,0.000052210000,   0.40000,
,,,0.000052220000,   0.40000,
,,,0.000052230000,   0.20000,
,,,0.000052240000,   0.20000,
,,,0.000052250000,  -0.60000,
,,,0.000052260000,   0.00000,
,,,0.000052270000,  -0.40000,
,,,0.000052280000,  -0.40000,
,,,0.000052290000,  -0.40000,
,,,0.000052300000,  -0.60000,
,,,0.000052310000,  -0.40000,
,,,0.000052320000,  -0.60000,
,,,0.000052330000,  -0.60000,
,,,0.000052340000,  -0.80000,
,,,0.000052350000,  -0.80000,
,,,0.000052360000,  -0.60000,
,,,0.000052370000,  -0.40000,
,,,0.000052380000,  -0.60000,
,,,0.000052390000,  -0.80000,
,,,0.000052400000,  -0.80000,
,,,0.000052410000,  -0.60000,
,,,0.000052420000,  -0.60000,
,,,0.000052430000,  -0.80000,
,,,0.000052440000,  -0.40000,
,,,0.000052450000,  -0.40000,
,,,0.000052460000,  -0.60000,
,,,0.000052470000,  -0.60000,
,,,0.000052480000,  -0.20000,
,,,0.000052490000,  -0.20000,
,,,0.000052500000,  -0.40000,
,,,0.000052510000,   0.00000,
,,,0.000052520000,  -0.20000,
,,,0.000052530000,  -0.40000,
,,,0.000052540000,  -0.20000,
,,,0.000052550000,  -0.40000,
,,,0.000052560000,  -0.40000,
,,,0.000052570000,  -0.20000,
,,,0.000052580000,   0.20000,
,,,0.000052590000,   0.00000,
,,,0.000052600000,  -0.40000,
,,,0.000052610000,  -0.40000,
,,,0.000052620000,  -0.20000,
,,,0.000052630000,  -0.40000,
,,,0.000052640000,  -0.20000,
,,,0.000052650000,  -0.20000,
,,,0.000052660000,   0.00000,
,,,0.000052670000,  -0.40000,
,,,0.000052680000,  -0.60000,
,,,0.000052690000,  -0.40000,
,,,0.000052700000,  -0.40000,
,,,0.000052710000,  -0.40000,
,,,0.000052720000,  -0.40000,
,,,0.000052730000,  -0.40000,
,,,0.000052740000,  -0.60000,
,,,0.000052750000,  -0.60000,
,,,0.000052760000,  -0.60000,
,,,0.000052770000,  -0.40000,
,,,0.000052780000,  -0.20000,
,,,0.000052790000,   0.00000,
,,,0.000052800000,  -0.40000,
,,,0.000052810000,  -0.20000,
,,,0.000052820000,   0.00000,
,,,0.000052830000,  -0.20000,
,,,0.000052840000,   0.00000,
,,,0.000052850000,   0.00000,
,,,0.000052860000,  -0.40000,
,,,0.000052870000,  -0.40000,
,,,0.000052880000,  -0.20000,
,,,0.000052890000,  -0.40000,
,,,0.000052900000,  -0.20000,
,,,0.000052910000,  -0.40000,
,,,0.000052920000,  -0.20000,
,,,0.000052930000,  -0.40000,
,,,0.000052940000,  -0.40000,
,,,0.000052950000,  -0.40000,
,,,0.000052960000,  -0.40000,
,,,0.000052970000,  -0.60000,
,,,0.000052980000,  -0.40000,
,,,0.000052990000,  -0.60000,
,,,0.000053000000,  -0.60000,
,,,0.000053010000,  -0.60000,
,,,0.000053020000,  -0.40000,
,,,0.000053030000,  -0.60000,
,,,0.000053040000,  -0.40000,
,,,0.000053050000,  -0.40000,
,,,0.000053060000,  -0.40000,
,,,0.000053070000,  -0.60000,
,,,0.000053080000,  -0.40000,
,,,0.000053090000,  -0.60000,
